{"info":{"year":"2022","version":"1","description":"Exported from roboflow.ai","contributor":"","url":"https://public.roboflow.ai/object-detection/undefined","date_created":"2022-12-07T09:34:42+00:00"},"licenses":[{"id":1,"url":"https://creativecommons.org/licenses/by/4.0/","name":"CC BY 4.0"}],"categories":[{"id":0,"name":"object","supercategory":"none"},{"id":1,"name":"bed","supercategory":"object"},{"id":2,"name":"chair","supercategory":"object"},{"id":3,"name":"couch","supercategory":"object"}],"images":[{"id":0,"license":1,"file_name":"bed_76_jpg.rf.e68a90cb4afe9beb9fa65252cb9521f5.jpg","height":416,"width":416,"date_captured":"2022-12-07T09:34:42+00:00"},{"id":1,"license":1,"file_name":"chair_35_jpg.rf.e76393504daf22c90884cc10388c18d2.jpg","height":416,"width":416,"date_captured":"2022-12-07T09:34:42+00:00"},{"id":2,"license":1,"file_name":"bed_56_jpg.rf.e84ebc3b168a5786fe610fa2767c89aa.jpg","height":416,"width":416,"date_captured":"2022-12-07T09:34:42+00:00"},{"id":3,"license":1,"file_name":"bed_63_jpg.rf.e876c4909e0cbe66bf0953c8bdff8991.jpg","height":416,"width":416,"date_captured":"2022-12-07T09:34:42+00:00"},{"id":4,"license":1,"file_name":"chair_61_jpg.rf.e90a20fe32f4ac6d4aa368a741e335b6.jpg","height":416,"width":416,"date_captured":"2022-12-07T09:34:42+00:00"},{"id":5,"license":1,"file_name":"couch_21_jpg.rf.e6af9877463a7afb39aa78fe61ac7f22.jpg","height":416,"width":416,"date_captured":"2022-12-07T09:34:42+00:00"},{"id":6,"license":1,"file_name":"bed_73_jpg.rf.eb93fdc63791217820cd881254e5e463.jpg","height":416,"width":416,"date_captured":"2022-12-07T09:34:42+00:00"},{"id":7,"license":1,"file_name":"chair_72_jpg.rf.ebc578508d1e7595fbea6c2b96402051.jpg","height":416,"width":416,"date_captured":"2022-12-07T09:34:42+00:00"},{"id":8,"license":1,"file_name":"bed_25_jpg.rf.ecac540936fc4e1da5303c7919a9e3e6.jpg","height":416,"width":416,"date_captured":"2022-12-07T09:34:42+00:00"},{"id":9,"license":1,"file_name":"couch_36_jpg.rf.f190fc0999aa8a2abb9e14b29c3dac50.jpg","height":416,"width":416,"date_captured":"2022-12-07T09:34:42+00:00"},{"id":10,"license":1,"file_name":"couch_14_jpg.rf.f321ea3e0e8c79734c36bc33d1c89fcd.jpg","height":416,"width":416,"date_captured":"2022-12-07T09:34:42+00:00"},{"id":11,"license":1,"file_name":"bed_78_jpg.rf.f3f383d96d843ee29d243e445a06bd13.jpg","height":416,"width":416,"date_captured":"2022-12-07T09:34:42+00:00"},{"id":12,"license":1,"file_name":"bed_34_jpg.rf.f4661c02b18c43e2266f1e389b2f52c0.jpg","height":416,"width":416,"date_captured":"2022-12-07T09:34:42+00:00"},{"id":13,"license":1,"file_name":"chair_93_jpg.rf.f58e88e3510e4dcab0e2b746336ecf4e.jpg","height":416,"width":416,"date_captured":"2022-12-07T09:34:42+00:00"},{"id":14,"license":1,"file_name":"bed_13_jpg.rf.edd5844883bc8fa1f0926ce656c302bc.jpg","height":416,"width":416,"date_captured":"2022-12-07T09:34:42+00:00"},{"id":15,"license":1,"file_name":"bed_57_jpg.rf.ef58e31971eafe64bf85a6d66c8c1d07.jpg","height":416,"width":416,"date_captured":"2022-12-07T09:34:42+00:00"},{"id":16,"license":1,"file_name":"couch_41_jpg.rf.efeaee1d8d701e1e124cae21677b29f6.jpg","height":416,"width":416,"date_captured":"2022-12-07T09:34:42+00:00"},{"id":17,"license":1,"file_name":"chair_83_jpg.rf.f004400e2b240c64c629dd7b4ca0aee4.jpg","height":416,"width":416,"date_captured":"2022-12-07T09:34:42+00:00"},{"id":18,"license":1,"file_name":"couch_23_jpg.rf.f6e5972f90625e11b874a9da1e83f70e.jpg","height":416,"width":416,"date_captured":"2022-12-07T09:34:42+00:00"},{"id":19,"license":1,"file_name":"couch_37_jpg.rf.f8dc822d86ab6120441b7c18e6b3fa2c.jpg","height":416,"width":416,"date_captured":"2022-12-07T09:34:42+00:00"},{"id":20,"license":1,"file_name":"chair_95_jpg.rf.fe7af76abc966fa46858d8ee94bd6c06.jpg","height":416,"width":416,"date_captured":"2022-12-07T09:34:42+00:00"},{"id":21,"license":1,"file_name":"bed_84_jpg.rf.f75be736d5642b15f33e37c75c94e024.jpg","height":416,"width":416,"date_captured":"2022-12-07T09:34:42+00:00"},{"id":22,"license":1,"file_name":"bed_66_jpg.rf.f89ea6b1272bba3f7f34ce8743c76ef1.jpg","height":416,"width":416,"date_captured":"2022-12-07T09:34:42+00:00"},{"id":23,"license":1,"file_name":"couch_78_jpg.rf.00a88a098917deb1b21749329788cc4e.jpg","height":416,"width":416,"date_captured":"2022-12-07T09:34:42+00:00"},{"id":24,"license":1,"file_name":"chair_66_jpg.rf.01c44e9d3649d48aefdbd9eb5edf6a35.jpg","height":416,"width":416,"date_captured":"2022-12-07T09:34:42+00:00"},{"id":25,"license":1,"file_name":"chair_5_jpg.rf.02d3af117ec8ac9d2d476f3f323976b9.jpg","height":416,"width":416,"date_captured":"2022-12-07T09:34:42+00:00"},{"id":26,"license":1,"file_name":"bed_51_jpg.rf.0349a5463f8dfabda37949a8f383eaaa.jpg","height":416,"width":416,"date_captured":"2022-12-07T09:34:42+00:00"},{"id":27,"license":1,"file_name":"couch_89_jpg.rf.05f749801c87e6354c12e07c8b7ac8c2.jpg","height":416,"width":416,"date_captured":"2022-12-07T09:34:42+00:00"},{"id":28,"license":1,"file_name":"couch_69_jpg.rf.07f1740baf4cf8789f5c6cd6485cb299.jpg","height":416,"width":416,"date_captured":"2022-12-07T09:34:42+00:00"},{"id":29,"license":1,"file_name":"bed_31_jpg.rf.099336c3ecc92ea8892ca388707b1a2a.jpg","height":416,"width":416,"date_captured":"2022-12-07T09:34:42+00:00"},{"id":30,"license":1,"file_name":"couch_16_jpg.rf.0cf113d7e81e4885c41e48b67d02e3bd.jpg","height":416,"width":416,"date_captured":"2022-12-07T09:34:42+00:00"},{"id":31,"license":1,"file_name":"couch_19_jpg.rf.0d33b2ff3be1ea33b87178b9f1aca73c.jpg","height":416,"width":416,"date_captured":"2022-12-07T09:34:42+00:00"},{"id":32,"license":1,"file_name":"couch_31_jpg.rf.0d56f14c3057a96320432ebe2c6a4cdf.jpg","height":416,"width":416,"date_captured":"2022-12-07T09:34:42+00:00"},{"id":33,"license":1,"file_name":"chair_0_jpg.rf.0d5bd57f9af8f91806f9d39d02d5ad49.jpg","height":416,"width":416,"date_captured":"2022-12-07T09:34:42+00:00"},{"id":34,"license":1,"file_name":"chair_57_jpg.rf.0e4b0222bff20a090915671e9301cdc8.jpg","height":416,"width":416,"date_captured":"2022-12-07T09:34:42+00:00"},{"id":35,"license":1,"file_name":"chair_2_jpg.rf.0f9eb7ad1a080e78fd4658bfed76c760.jpg","height":416,"width":416,"date_captured":"2022-12-07T09:34:42+00:00"},{"id":36,"license":1,"file_name":"bed_90_jpg.rf.0fedd93c6b5c66ea89175e9315a8cac5.jpg","height":416,"width":416,"date_captured":"2022-12-07T09:34:42+00:00"},{"id":37,"license":1,"file_name":"bed_55_jpg.rf.1143373b248c1d330bf70f45a54f944e.jpg","height":416,"width":416,"date_captured":"2022-12-07T09:34:42+00:00"},{"id":38,"license":1,"file_name":"chair_77_jpg.rf.119e25413bbbd2828fa4b535b8d3062d.jpg","height":416,"width":416,"date_captured":"2022-12-07T09:34:42+00:00"},{"id":39,"license":1,"file_name":"couch_70_jpg.rf.1218edc75e7b4187ec44c45608729353.jpg","height":416,"width":416,"date_captured":"2022-12-07T09:34:42+00:00"},{"id":40,"license":1,"file_name":"bed_97_jpg.rf.127c9c06a9ee9f987466789ca801d1e2.jpg","height":416,"width":416,"date_captured":"2022-12-07T09:34:42+00:00"},{"id":41,"license":1,"file_name":"couch_5_jpg.rf.1473b7e64de036db7c4956a007c84a6a.jpg","height":416,"width":416,"date_captured":"2022-12-07T09:34:42+00:00"},{"id":42,"license":1,"file_name":"couch_94_jpg.rf.1524380c81d3057ef62d750f37b94378.jpg","height":416,"width":416,"date_captured":"2022-12-07T09:34:42+00:00"},{"id":43,"license":1,"file_name":"bed_61_jpg.rf.14ecce05a98c778bbf98df38c17207fc.jpg","height":416,"width":416,"date_captured":"2022-12-07T09:34:42+00:00"},{"id":44,"license":1,"file_name":"couch_68_jpg.rf.15fc394fcc6ba0c8ab8b1320f0a98e0e.jpg","height":416,"width":416,"date_captured":"2022-12-07T09:34:42+00:00"},{"id":45,"license":1,"file_name":"chair_18_jpg.rf.15254f7eb818d51d39e52bde6c230645.jpg","height":416,"width":416,"date_captured":"2022-12-07T09:34:42+00:00"},{"id":46,"license":1,"file_name":"couch_83_jpg.rf.16625b4703ca886ca9b8e7c72db612e5.jpg","height":416,"width":416,"date_captured":"2022-12-07T09:34:42+00:00"},{"id":47,"license":1,"file_name":"bed_16_jpg.rf.16730367287f81908d6420f200f62fda.jpg","height":416,"width":416,"date_captured":"2022-12-07T09:34:42+00:00"},{"id":48,"license":1,"file_name":"couch_24_jpg.rf.167f42a2ad95f34479fd942bf61eaf32.jpg","height":416,"width":416,"date_captured":"2022-12-07T09:34:42+00:00"},{"id":49,"license":1,"file_name":"couch_40_jpg.rf.17f85afaa4d19a998f8a31a3aa1a60c8.jpg","height":416,"width":416,"date_captured":"2022-12-07T09:34:42+00:00"},{"id":50,"license":1,"file_name":"couch_74_jpg.rf.19c08c61c4c3aa424f7c00724711123e.jpg","height":416,"width":416,"date_captured":"2022-12-07T09:34:42+00:00"},{"id":51,"license":1,"file_name":"chair_99_jpg.rf.1a32c7f736b90b562e97f9ae90fd7246.jpg","height":416,"width":416,"date_captured":"2022-12-07T09:34:42+00:00"},{"id":52,"license":1,"file_name":"chair_17_jpg.rf.1a553b1f770c564146bcb2b2bc708927.jpg","height":416,"width":416,"date_captured":"2022-12-07T09:34:42+00:00"},{"id":53,"license":1,"file_name":"chair_48_jpg.rf.1ac76bffc0b09034f30038b979a73726.jpg","height":416,"width":416,"date_captured":"2022-12-07T09:34:42+00:00"},{"id":54,"license":1,"file_name":"bed_24_jpg.rf.1b3cbd249c137a4e000a129a009e432e.jpg","height":416,"width":416,"date_captured":"2022-12-07T09:34:42+00:00"},{"id":55,"license":1,"file_name":"chair_38_jpg.rf.1b50f3bba52d2f19beaf4ea228727fc4.jpg","height":416,"width":416,"date_captured":"2022-12-07T09:34:42+00:00"},{"id":56,"license":1,"file_name":"chair_100_jpg.rf.1c7d903f733dc4361fbab3189fd8c647.jpg","height":416,"width":416,"date_captured":"2022-12-07T09:34:42+00:00"},{"id":57,"license":1,"file_name":"couch_80_jpg.rf.1d29f6c81af6dd2ddf40c63b5c0f2d92.jpg","height":416,"width":416,"date_captured":"2022-12-07T09:34:42+00:00"},{"id":58,"license":1,"file_name":"bed_54_jpg.rf.1f4c0897bd495dcd5bce9979b25752ac.jpg","height":416,"width":416,"date_captured":"2022-12-07T09:34:42+00:00"},{"id":59,"license":1,"file_name":"bed_0_jpg.rf.212d828313cbcccf46d325d2d43db409.jpg","height":416,"width":416,"date_captured":"2022-12-07T09:34:42+00:00"},{"id":60,"license":1,"file_name":"chair_75_jpg.rf.2107d47f1e116b996705a90a765e9c58.jpg","height":416,"width":416,"date_captured":"2022-12-07T09:34:42+00:00"},{"id":61,"license":1,"file_name":"bed_27_jpg.rf.21471f2bf410067ae967b74edc4707df.jpg","height":416,"width":416,"date_captured":"2022-12-07T09:34:42+00:00"},{"id":62,"license":1,"file_name":"couch_59_jpg.rf.217fe625470c2c07ee382e4084be7844.jpg","height":416,"width":416,"date_captured":"2022-12-07T09:34:42+00:00"},{"id":63,"license":1,"file_name":"couch_71_jpg.rf.21d2233bf61e121aced3a6e642efc27d.jpg","height":416,"width":416,"date_captured":"2022-12-07T09:34:42+00:00"},{"id":64,"license":1,"file_name":"chair_29_jpg.rf.23f7654e52569c8a01a8251ee3f26c2c.jpg","height":416,"width":416,"date_captured":"2022-12-07T09:34:42+00:00"},{"id":65,"license":1,"file_name":"bed_52_jpg.rf.252ed8bae3a9274243ba57b9d7ad152b.jpg","height":416,"width":416,"date_captured":"2022-12-07T09:34:42+00:00"},{"id":66,"license":1,"file_name":"chair_80_jpg.rf.25f9d1085c7abd36f41c654e9c8cee09.jpg","height":416,"width":416,"date_captured":"2022-12-07T09:34:42+00:00"},{"id":67,"license":1,"file_name":"chair_32_jpg.rf.261eacf47aa8150b04cab0bebef9fb7d.jpg","height":416,"width":416,"date_captured":"2022-12-07T09:34:42+00:00"},{"id":68,"license":1,"file_name":"chair_43_jpg.rf.262efceaf8c9fe56ba15a835a9f13a9c.jpg","height":416,"width":416,"date_captured":"2022-12-07T09:34:42+00:00"},{"id":69,"license":1,"file_name":"bed_89_jpg.rf.267cbb0e8086a7dffdcac73d00a210d7.jpg","height":416,"width":416,"date_captured":"2022-12-07T09:34:42+00:00"},{"id":70,"license":1,"file_name":"couch_50_jpg.rf.2730b30eebf6af0c9be7be2e35318d38.jpg","height":416,"width":416,"date_captured":"2022-12-07T09:34:42+00:00"},{"id":71,"license":1,"file_name":"couch_28_jpg.rf.28127009b9218659d4903855e2ab3859.jpg","height":416,"width":416,"date_captured":"2022-12-07T09:34:42+00:00"},{"id":72,"license":1,"file_name":"chair_11_jpg.rf.296312258cbb4faf9e43fd7d6eeded54.jpg","height":416,"width":416,"date_captured":"2022-12-07T09:34:42+00:00"},{"id":73,"license":1,"file_name":"couch_11_jpg.rf.2c12fc576cce6c08de977a9931304489.jpg","height":416,"width":416,"date_captured":"2022-12-07T09:34:42+00:00"},{"id":74,"license":1,"file_name":"bed_14_jpg.rf.2c725c1174561a747576ff24c1e67eee.jpg","height":416,"width":416,"date_captured":"2022-12-07T09:34:42+00:00"},{"id":75,"license":1,"file_name":"chair_39_jpg.rf.2d22afcfd6b0e7afda44b57e607d0cc1.jpg","height":416,"width":416,"date_captured":"2022-12-07T09:34:42+00:00"},{"id":76,"license":1,"file_name":"chair_42_jpg.rf.2ce972220424499de4ccb478781adb60.jpg","height":416,"width":416,"date_captured":"2022-12-07T09:34:42+00:00"},{"id":77,"license":1,"file_name":"bed_32_jpg.rf.2ff0a3826f8be517960586e33fcd9af7.jpg","height":416,"width":416,"date_captured":"2022-12-07T09:34:42+00:00"},{"id":78,"license":1,"file_name":"chair_67_jpg.rf.2ff5bb0b52d938d98488a6fdd59d6cdf.jpg","height":416,"width":416,"date_captured":"2022-12-07T09:34:42+00:00"},{"id":79,"license":1,"file_name":"chair_23_jpg.rf.30be96934f769d6eb59187d0b39b6dc9.jpg","height":416,"width":416,"date_captured":"2022-12-07T09:34:42+00:00"},{"id":80,"license":1,"file_name":"bed_19_jpg.rf.30dbf5e563585b1ae058a7aa8c3307d1.jpg","height":416,"width":416,"date_captured":"2022-12-07T09:34:42+00:00"},{"id":81,"license":1,"file_name":"couch_25_jpg.rf.37850656db82933ed462365f6396ecfc.jpg","height":416,"width":416,"date_captured":"2022-12-07T09:34:42+00:00"},{"id":82,"license":1,"file_name":"couch_9_jpg.rf.36fda75e1df0d19f2d1aa64d6839c178.jpg","height":416,"width":416,"date_captured":"2022-12-07T09:34:42+00:00"},{"id":83,"license":1,"file_name":"couch_97_jpg.rf.3790c4eec27fa8ae48768d46c13d5bca.jpg","height":416,"width":416,"date_captured":"2022-12-07T09:34:42+00:00"},{"id":84,"license":1,"file_name":"chair_81_jpg.rf.394181a6fd07540feee26fd489f5f092.jpg","height":416,"width":416,"date_captured":"2022-12-07T09:34:42+00:00"},{"id":85,"license":1,"file_name":"chair_79_jpg.rf.3f79e489aa253da8973f80de593d5c38.jpg","height":416,"width":416,"date_captured":"2022-12-07T09:34:42+00:00"},{"id":86,"license":1,"file_name":"couch_48_jpg.rf.4025a7fcd1f00310f9d27d04b89b1e3a.jpg","height":416,"width":416,"date_captured":"2022-12-07T09:34:42+00:00"},{"id":87,"license":1,"file_name":"bed_77_jpg.rf.434c45f14a430aa12ebc31e354da0a0c.jpg","height":416,"width":416,"date_captured":"2022-12-07T09:34:42+00:00"},{"id":88,"license":1,"file_name":"couch_38_jpg.rf.45cad7ea2f9bfa9c40b223d8156683e7.jpg","height":416,"width":416,"date_captured":"2022-12-07T09:34:42+00:00"},{"id":89,"license":1,"file_name":"chair_1_jpg.rf.4619ec658b7d8f4c59bca7aa1014e5a8.jpg","height":416,"width":416,"date_captured":"2022-12-07T09:34:42+00:00"},{"id":90,"license":1,"file_name":"chair_91_jpg.rf.47cafc382fda22305189d890c1338544.jpg","height":416,"width":416,"date_captured":"2022-12-07T09:34:42+00:00"},{"id":91,"license":1,"file_name":"chair_9_jpg.rf.47cc177a08003c91a885e2b4e670c8b1.jpg","height":416,"width":416,"date_captured":"2022-12-07T09:34:42+00:00"},{"id":92,"license":1,"file_name":"bed_95_jpg.rf.485cdba596819b54394cbb09b29c9d2d.jpg","height":416,"width":416,"date_captured":"2022-12-07T09:34:42+00:00"},{"id":93,"license":1,"file_name":"couch_29_jpg.rf.49fc33dba6ed00f77033c3a0bc396b7a.jpg","height":416,"width":416,"date_captured":"2022-12-07T09:34:42+00:00"},{"id":94,"license":1,"file_name":"bed_26_jpg.rf.4a5dec54d58bc0e8004d082faddbf561.jpg","height":416,"width":416,"date_captured":"2022-12-07T09:34:42+00:00"},{"id":95,"license":1,"file_name":"bed_53_jpg.rf.5152a92ca8f506d4c99a9c497ef8b977.jpg","height":416,"width":416,"date_captured":"2022-12-07T09:34:42+00:00"},{"id":96,"license":1,"file_name":"couch_85_jpg.rf.5176acb1a0d14e0e15fdf2f1ff2f2154.jpg","height":416,"width":416,"date_captured":"2022-12-07T09:34:42+00:00"},{"id":97,"license":1,"file_name":"couch_1_jpg.rf.52039c5f35d42f55d8418fb9169c16a0.jpg","height":416,"width":416,"date_captured":"2022-12-07T09:34:42+00:00"},{"id":98,"license":1,"file_name":"couch_60_jpg.rf.540f34bafc0bb775254510df9b0280a0.jpg","height":416,"width":416,"date_captured":"2022-12-07T09:34:42+00:00"},{"id":99,"license":1,"file_name":"bed_79_jpg.rf.53f497910c6ee82459cff51f8eafa987.jpg","height":416,"width":416,"date_captured":"2022-12-07T09:34:42+00:00"},{"id":100,"license":1,"file_name":"couch_22_jpg.rf.551b2b585517d3e84ac1e5595b4caf1d.jpg","height":416,"width":416,"date_captured":"2022-12-07T09:34:42+00:00"},{"id":101,"license":1,"file_name":"couch_42_jpg.rf.56c7fa6ff9e54e980ffd6eb186f249f4.jpg","height":416,"width":416,"date_captured":"2022-12-07T09:34:42+00:00"},{"id":102,"license":1,"file_name":"chair_16_jpg.rf.571219211f427c7da13b6508f1d434b5.jpg","height":416,"width":416,"date_captured":"2022-12-07T09:34:42+00:00"},{"id":103,"license":1,"file_name":"bed_15_jpg.rf.593609320476a08bceb29c7b9b87073c.jpg","height":416,"width":416,"date_captured":"2022-12-07T09:34:42+00:00"},{"id":104,"license":1,"file_name":"chair_96_jpg.rf.533d29579bf673a45cebb9db6aa27195.jpg","height":416,"width":416,"date_captured":"2022-12-07T09:34:42+00:00"},{"id":105,"license":1,"file_name":"bed_58_jpg.rf.5af05809df34c581ddfff35b61bb955d.jpg","height":416,"width":416,"date_captured":"2022-12-07T09:34:42+00:00"},{"id":106,"license":1,"file_name":"chair_92_jpg.rf.5b34a1400581dc8333e216e1ad444cdf.jpg","height":416,"width":416,"date_captured":"2022-12-07T09:34:42+00:00"},{"id":107,"license":1,"file_name":"bed_17_jpg.rf.5c151168d98f26f454bbae3333402e38.jpg","height":416,"width":416,"date_captured":"2022-12-07T09:34:42+00:00"},{"id":108,"license":1,"file_name":"couch_32_jpg.rf.5eb51dc5921af77c223ba8af3db60683.jpg","height":416,"width":416,"date_captured":"2022-12-07T09:34:42+00:00"},{"id":109,"license":1,"file_name":"couch_76_jpg.rf.5c9cba4519d7f00f3b9bc4a7737522a4.jpg","height":416,"width":416,"date_captured":"2022-12-07T09:34:42+00:00"},{"id":110,"license":1,"file_name":"bed_92_jpg.rf.5ef28018c6bf544c8cbadc55bc34f9e8.jpg","height":416,"width":416,"date_captured":"2022-12-07T09:34:42+00:00"},{"id":111,"license":1,"file_name":"bed_49_jpg.rf.607f385c3e42e0c3affc0ffedbdf9c2f.jpg","height":416,"width":416,"date_captured":"2022-12-07T09:34:42+00:00"},{"id":112,"license":1,"file_name":"couch_72_jpg.rf.61ccc6ae6c5cf46d8dbecccfed7acc67.jpg","height":416,"width":416,"date_captured":"2022-12-07T09:34:42+00:00"},{"id":113,"license":1,"file_name":"chair_50_jpg.rf.6104c5b8c6870ddbca2bb97b99465cd4.jpg","height":416,"width":416,"date_captured":"2022-12-07T09:34:42+00:00"},{"id":114,"license":1,"file_name":"couch_20_jpg.rf.62d5ed757de13866895b93e2a45cf710.jpg","height":416,"width":416,"date_captured":"2022-12-07T09:34:42+00:00"},{"id":115,"license":1,"file_name":"couch_35_jpg.rf.63ad8cbfce1df094fe8f3eabb2e09acb.jpg","height":416,"width":416,"date_captured":"2022-12-07T09:34:42+00:00"},{"id":116,"license":1,"file_name":"chair_52_jpg.rf.64f8fad293b8d0abd96a0ed7936a2815.jpg","height":416,"width":416,"date_captured":"2022-12-07T09:34:42+00:00"},{"id":117,"license":1,"file_name":"chair_74_jpg.rf.6468af53e846c8d33bc30f9e2bc567a9.jpg","height":416,"width":416,"date_captured":"2022-12-07T09:34:42+00:00"},{"id":118,"license":1,"file_name":"bed_46_jpg.rf.657c9d6c5ec830b6199891cc205b8d2b.jpg","height":416,"width":416,"date_captured":"2022-12-07T09:34:42+00:00"},{"id":119,"license":1,"file_name":"chair_94_jpg.rf.6700dd401ab9ebf1977892b9de500edc.jpg","height":416,"width":416,"date_captured":"2022-12-07T09:34:42+00:00"},{"id":120,"license":1,"file_name":"chair_68_jpg.rf.685f4d105defd79b01fb6e826634a720.jpg","height":416,"width":416,"date_captured":"2022-12-07T09:34:42+00:00"},{"id":121,"license":1,"file_name":"chair_64_jpg.rf.68c7adb36c93a12d59472a8b8ec76ccc.jpg","height":416,"width":416,"date_captured":"2022-12-07T09:34:42+00:00"},{"id":122,"license":1,"file_name":"couch_79_jpg.rf.699969d7dd2b3cbceea8f71fc0aa5c17.jpg","height":416,"width":416,"date_captured":"2022-12-07T09:34:42+00:00"},{"id":123,"license":1,"file_name":"bed_99_jpg.rf.6a6e65188b3a9129c2fcf1ac581d5c49.jpg","height":416,"width":416,"date_captured":"2022-12-07T09:34:42+00:00"},{"id":124,"license":1,"file_name":"chair_12_jpg.rf.6a818ccbb7b60923611716edf5467793.jpg","height":416,"width":416,"date_captured":"2022-12-07T09:34:42+00:00"},{"id":125,"license":1,"file_name":"bed_1_jpg.rf.6c29933badda02cb71e13cf20074e7dc.jpg","height":416,"width":416,"date_captured":"2022-12-07T09:34:42+00:00"},{"id":126,"license":1,"file_name":"bed_29_jpg.rf.6d6a1f32e02f17d32c2b22a339be8de0.jpg","height":416,"width":416,"date_captured":"2022-12-07T09:34:42+00:00"},{"id":127,"license":1,"file_name":"bed_42_jpg.rf.6deff1ba5c1315ea1680cdeef8f19650.jpg","height":416,"width":416,"date_captured":"2022-12-07T09:34:42+00:00"},{"id":128,"license":1,"file_name":"chair_62_jpg.rf.6e28c47943629501ab540ac917a96c77.jpg","height":416,"width":416,"date_captured":"2022-12-07T09:34:42+00:00"},{"id":129,"license":1,"file_name":"couch_2_jpg.rf.70b20176c983b62d948a9122b395d6e8.jpg","height":416,"width":416,"date_captured":"2022-12-07T09:34:42+00:00"},{"id":130,"license":1,"file_name":"couch_84_jpg.rf.70dc83d572c4dcbe36c277e73b7a3d3a.jpg","height":416,"width":416,"date_captured":"2022-12-07T09:34:42+00:00"},{"id":131,"license":1,"file_name":"chair_41_jpg.rf.71ca04b7879aad2db175a8a0c2e0c9fa.jpg","height":416,"width":416,"date_captured":"2022-12-07T09:34:42+00:00"},{"id":132,"license":1,"file_name":"chair_90_jpg.rf.72649e69f9fba0846f8582650728602c.jpg","height":416,"width":416,"date_captured":"2022-12-07T09:34:42+00:00"},{"id":133,"license":1,"file_name":"bed_45_jpg.rf.74a2240408f5c5f27c69840631e7bf37.jpg","height":416,"width":416,"date_captured":"2022-12-07T09:34:42+00:00"},{"id":134,"license":1,"file_name":"chair_19_jpg.rf.72dfc180fd63318b163c32d707010498.jpg","height":416,"width":416,"date_captured":"2022-12-07T09:34:42+00:00"},{"id":135,"license":1,"file_name":"chair_13_jpg.rf.75c6655b8990696cb0a7b0ea73241953.jpg","height":416,"width":416,"date_captured":"2022-12-07T09:34:42+00:00"},{"id":136,"license":1,"file_name":"bed_10_jpg.rf.76e598b8f6f96b3683b39c841b56890e.jpg","height":416,"width":416,"date_captured":"2022-12-07T09:34:42+00:00"},{"id":137,"license":1,"file_name":"couch_6_jpg.rf.75d6f7155ec585914b2150a81e60f8e7.jpg","height":416,"width":416,"date_captured":"2022-12-07T09:34:42+00:00"},{"id":138,"license":1,"file_name":"couch_55_jpg.rf.79c6cd567604ba58ec6f90b169734f2a.jpg","height":416,"width":416,"date_captured":"2022-12-07T09:34:42+00:00"},{"id":139,"license":1,"file_name":"couch_56_jpg.rf.7b0d059a92c01cb446fc848e757d8e1b.jpg","height":416,"width":416,"date_captured":"2022-12-07T09:34:42+00:00"},{"id":140,"license":1,"file_name":"bed_12_jpg.rf.7c13dce16703c97adde83cb6798ff200.jpg","height":416,"width":416,"date_captured":"2022-12-07T09:34:42+00:00"},{"id":141,"license":1,"file_name":"couch_75_jpg.rf.7bba5b1b5261f915703c937f0f9500ac.jpg","height":416,"width":416,"date_captured":"2022-12-07T09:34:42+00:00"},{"id":142,"license":1,"file_name":"bed_11_jpg.rf.7f933c26323aeb3d29c331dee7caa1cf.jpg","height":416,"width":416,"date_captured":"2022-12-07T09:34:42+00:00"},{"id":143,"license":1,"file_name":"bed_28_jpg.rf.81c3e81a6d98b84b6a4968fed11dc157.jpg","height":416,"width":416,"date_captured":"2022-12-07T09:34:42+00:00"},{"id":144,"license":1,"file_name":"couch_99_jpg.rf.82cba242860abc4dc7531eefe300d49a.jpg","height":416,"width":416,"date_captured":"2022-12-07T09:34:42+00:00"},{"id":145,"license":1,"file_name":"chair_89_jpg.rf.82ec662b73f5d062edac3a4d7d3aa242.jpg","height":416,"width":416,"date_captured":"2022-12-07T09:34:42+00:00"},{"id":146,"license":1,"file_name":"couch_63_jpg.rf.83addb5499e8a058dd99a09b76ded6ca.jpg","height":416,"width":416,"date_captured":"2022-12-07T09:34:42+00:00"},{"id":147,"license":1,"file_name":"chair_21_jpg.rf.845a3eea0b9b67ea1e712aec99e0994b.jpg","height":416,"width":416,"date_captured":"2022-12-07T09:34:42+00:00"},{"id":148,"license":1,"file_name":"bed_68_jpg.rf.84e92802ab27b719c0e6446efe4b0303.jpg","height":416,"width":416,"date_captured":"2022-12-07T09:34:42+00:00"},{"id":149,"license":1,"file_name":"chair_25_jpg.rf.885716113113670ff744e71955039493.jpg","height":416,"width":416,"date_captured":"2022-12-07T09:34:42+00:00"},{"id":150,"license":1,"file_name":"bed_47_jpg.rf.851be4644be40a209761f8f120218fb2.jpg","height":416,"width":416,"date_captured":"2022-12-07T09:34:42+00:00"},{"id":151,"license":1,"file_name":"chair_10_jpg.rf.89ef0ad32c994ac8afb6b1d390a0957d.jpg","height":416,"width":416,"date_captured":"2022-12-07T09:34:42+00:00"},{"id":152,"license":1,"file_name":"chair_58_jpg.rf.8a9aee690c585aeee14625e655ee9578.jpg","height":416,"width":416,"date_captured":"2022-12-07T09:34:42+00:00"},{"id":153,"license":1,"file_name":"bed_22_jpg.rf.8bba2360ea0d5ddc2d6a22ae427a7141.jpg","height":416,"width":416,"date_captured":"2022-12-07T09:34:42+00:00"},{"id":154,"license":1,"file_name":"couch_86_jpg.rf.8ec95cae15c0ffc6f4ba6e2390be3e93.jpg","height":416,"width":416,"date_captured":"2022-12-07T09:34:42+00:00"},{"id":155,"license":1,"file_name":"chair_69_jpg.rf.911694354ccc10093e031e899c1de1fd.jpg","height":416,"width":416,"date_captured":"2022-12-07T09:34:42+00:00"},{"id":156,"license":1,"file_name":"couch_58_jpg.rf.92100f21de065eb50dea2b5c6efdf76a.jpg","height":416,"width":416,"date_captured":"2022-12-07T09:34:42+00:00"},{"id":157,"license":1,"file_name":"bed_94_jpg.rf.8f5f61e0557c58202696373426299548.jpg","height":416,"width":416,"date_captured":"2022-12-07T09:34:42+00:00"},{"id":158,"license":1,"file_name":"bed_36_jpg.rf.93ceabff162636652299fb4be09dafca.jpg","height":416,"width":416,"date_captured":"2022-12-07T09:34:42+00:00"},{"id":159,"license":1,"file_name":"bed_93_jpg.rf.94471b0a943ad1b13ccae862571e7b98.jpg","height":416,"width":416,"date_captured":"2022-12-07T09:34:42+00:00"},{"id":160,"license":1,"file_name":"couch_43_jpg.rf.9457490c68890cfa9b22ae6cbeef3727.jpg","height":416,"width":416,"date_captured":"2022-12-07T09:34:42+00:00"},{"id":161,"license":1,"file_name":"bed_88_jpg.rf.94e902ada3aefc55ea8534ec9f1d8b5c.jpg","height":416,"width":416,"date_captured":"2022-12-07T09:34:42+00:00"},{"id":162,"license":1,"file_name":"bed_80_jpg.rf.96ca8cffe7e4536099bb08a676b68423.jpg","height":416,"width":416,"date_captured":"2022-12-07T09:34:42+00:00"},{"id":163,"license":1,"file_name":"chair_70_jpg.rf.98a16fcff1ce42ce84de6a6690106ac5.jpg","height":416,"width":416,"date_captured":"2022-12-07T09:34:42+00:00"},{"id":164,"license":1,"file_name":"bed_5_jpg.rf.98bb6e0925494fde95d219242c404701.jpg","height":416,"width":416,"date_captured":"2022-12-07T09:34:42+00:00"},{"id":165,"license":1,"file_name":"bed_6_jpg.rf.99006642bcad376e2bc360481bb5599a.jpg","height":416,"width":416,"date_captured":"2022-12-07T09:34:42+00:00"},{"id":166,"license":1,"file_name":"couch_30_jpg.rf.9a514ecf96d74c2377046a4c85f8f6ba.jpg","height":416,"width":416,"date_captured":"2022-12-07T09:34:42+00:00"},{"id":167,"license":1,"file_name":"chair_27_jpg.rf.9af0bb53b23348fc4e20cf99c662ce86.jpg","height":416,"width":416,"date_captured":"2022-12-07T09:34:42+00:00"},{"id":168,"license":1,"file_name":"couch_10_jpg.rf.9b9e8ad9eb42c67268254de19805302d.jpg","height":416,"width":416,"date_captured":"2022-12-07T09:34:42+00:00"},{"id":169,"license":1,"file_name":"bed_96_jpg.rf.9baa93d6dc25325fe27e0e8007a6f642.jpg","height":416,"width":416,"date_captured":"2022-12-07T09:34:42+00:00"},{"id":170,"license":1,"file_name":"chair_37_jpg.rf.9cb63b686ce162d8d6e212c5835f798a.jpg","height":416,"width":416,"date_captured":"2022-12-07T09:34:42+00:00"},{"id":171,"license":1,"file_name":"bed_69_jpg.rf.9fa4b3af1eb28f479ecd01bc4678db43.jpg","height":416,"width":416,"date_captured":"2022-12-07T09:34:42+00:00"},{"id":172,"license":1,"file_name":"couch_65_jpg.rf.9fed511b6f79b210166802c7bf86ed4c.jpg","height":416,"width":416,"date_captured":"2022-12-07T09:34:42+00:00"},{"id":173,"license":1,"file_name":"bed_7_jpg.rf.a0162d49df4e9a22a3f55632ccaf7e29.jpg","height":416,"width":416,"date_captured":"2022-12-07T09:34:42+00:00"},{"id":174,"license":1,"file_name":"bed_18_jpg.rf.a11c7f3aaa4aa4595103d6ae252a87d4.jpg","height":416,"width":416,"date_captured":"2022-12-07T09:34:42+00:00"},{"id":175,"license":1,"file_name":"chair_59_jpg.rf.a12f5866325367509f1d42a93a663474.jpg","height":416,"width":416,"date_captured":"2022-12-07T09:34:42+00:00"},{"id":176,"license":1,"file_name":"chair_44_jpg.rf.a1f5788e1df21e5195dfb836eb732be0.jpg","height":416,"width":416,"date_captured":"2022-12-07T09:34:42+00:00"},{"id":177,"license":1,"file_name":"chair_73_jpg.rf.a38fefca0eb0d12eb072db186eee2799.jpg","height":416,"width":416,"date_captured":"2022-12-07T09:34:42+00:00"},{"id":178,"license":1,"file_name":"bed_91_jpg.rf.a2b53bcbaf9d8439047c717eba77f05d.jpg","height":416,"width":416,"date_captured":"2022-12-07T09:34:42+00:00"},{"id":179,"license":1,"file_name":"chair_46_jpg.rf.a3967bed0148e893b58ac2c1f66326e7.jpg","height":416,"width":416,"date_captured":"2022-12-07T09:34:42+00:00"},{"id":180,"license":1,"file_name":"chair_84_jpg.rf.a3a46383d339dab2df8ba631e9d5056a.jpg","height":416,"width":416,"date_captured":"2022-12-07T09:34:42+00:00"},{"id":181,"license":1,"file_name":"couch_8_jpg.rf.a413ebc5fc43c190e7332cac71f556b4.jpg","height":416,"width":416,"date_captured":"2022-12-07T09:34:42+00:00"},{"id":182,"license":1,"file_name":"chair_30_jpg.rf.a4f3b69b563d393b94327c03e100919a.jpg","height":416,"width":416,"date_captured":"2022-12-07T09:34:42+00:00"},{"id":183,"license":1,"file_name":"chair_88_jpg.rf.a56114391ec873a3af8fef97c83275a3.jpg","height":416,"width":416,"date_captured":"2022-12-07T09:34:42+00:00"},{"id":184,"license":1,"file_name":"bed_35_jpg.rf.a61a16c18b432e49641f550acc92c280.jpg","height":416,"width":416,"date_captured":"2022-12-07T09:34:42+00:00"},{"id":185,"license":1,"file_name":"couch_12_jpg.rf.a6bc986b356ab4367808c9d96d897c6c.jpg","height":416,"width":416,"date_captured":"2022-12-07T09:34:42+00:00"},{"id":186,"license":1,"file_name":"bed_75_jpg.rf.aaef1b5d582b172a0aa3155f781aee4b.jpg","height":416,"width":416,"date_captured":"2022-12-07T09:34:42+00:00"},{"id":187,"license":1,"file_name":"couch_81_jpg.rf.ad7dd7ca84029c4fd3c0429a6ac79111.jpg","height":416,"width":416,"date_captured":"2022-12-07T09:34:42+00:00"},{"id":188,"license":1,"file_name":"bed_59_jpg.rf.ad8230a7f8f1bf01c7e3c69550a9d9cb.jpg","height":416,"width":416,"date_captured":"2022-12-07T09:34:42+00:00"},{"id":189,"license":1,"file_name":"bed_87_jpg.rf.b2bcdd2def4668dfab0d5aec1623d39a.jpg","height":416,"width":416,"date_captured":"2022-12-07T09:34:42+00:00"},{"id":190,"license":1,"file_name":"couch_91_jpg.rf.b3cca40f39b753771586d028f4f7961f.jpg","height":416,"width":416,"date_captured":"2022-12-07T09:34:42+00:00"},{"id":191,"license":1,"file_name":"chair_14_jpg.rf.b40a792241672c58e198a8da8402b3ba.jpg","height":416,"width":416,"date_captured":"2022-12-07T09:34:42+00:00"},{"id":192,"license":1,"file_name":"couch_98_jpg.rf.b4c32ff1f2e35901686f917c26dbba21.jpg","height":416,"width":416,"date_captured":"2022-12-07T09:34:42+00:00"},{"id":193,"license":1,"file_name":"couch_34_jpg.rf.b4ee81ec3a51934999ea25bc561eeeba.jpg","height":416,"width":416,"date_captured":"2022-12-07T09:34:42+00:00"},{"id":194,"license":1,"file_name":"chair_87_jpg.rf.b5997959abd6175fd60aafcc154d34dc.jpg","height":416,"width":416,"date_captured":"2022-12-07T09:34:42+00:00"},{"id":195,"license":1,"file_name":"chair_34_jpg.rf.b5b78400b998fc419d39fa01d9857565.jpg","height":416,"width":416,"date_captured":"2022-12-07T09:34:42+00:00"},{"id":196,"license":1,"file_name":"couch_61_jpg.rf.b77422ee1e13e5d821d7fe2261c0f165.jpg","height":416,"width":416,"date_captured":"2022-12-07T09:34:42+00:00"},{"id":197,"license":1,"file_name":"bed_70_jpg.rf.b7fad4dacf1e764c55aa7c31f38cd22f.jpg","height":416,"width":416,"date_captured":"2022-12-07T09:34:42+00:00"},{"id":198,"license":1,"file_name":"couch_26_jpg.rf.b8172d7abe6c276c2537605b1a63b46a.jpg","height":416,"width":416,"date_captured":"2022-12-07T09:34:42+00:00"},{"id":199,"license":1,"file_name":"bed_23_jpg.rf.b9be1bf579ba54bf746207f7461cfd8c.jpg","height":416,"width":416,"date_captured":"2022-12-07T09:34:42+00:00"},{"id":200,"license":1,"file_name":"chair_78_jpg.rf.c133247e70de040e4e5faf5f69c6b2e8.jpg","height":416,"width":416,"date_captured":"2022-12-07T09:34:42+00:00"},{"id":201,"license":1,"file_name":"chair_49_jpg.rf.c1ed092e83310ebefaf3cc98a986add8.jpg","height":416,"width":416,"date_captured":"2022-12-07T09:34:42+00:00"},{"id":202,"license":1,"file_name":"chair_28_jpg.rf.c2b25e3bd60d15cce23a761190929dba.jpg","height":416,"width":416,"date_captured":"2022-12-07T09:34:42+00:00"},{"id":203,"license":1,"file_name":"couch_77_jpg.rf.c3c93f5af16f78175c5fa5c7c3c7ef7c.jpg","height":416,"width":416,"date_captured":"2022-12-07T09:34:42+00:00"},{"id":204,"license":1,"file_name":"bed_71_jpg.rf.c5d4437587bf4eb793970507d43e7989.jpg","height":416,"width":416,"date_captured":"2022-12-07T09:34:42+00:00"},{"id":205,"license":1,"file_name":"bed_72_jpg.rf.c6676ff2743db8b6cf675329308f3747.jpg","height":416,"width":416,"date_captured":"2022-12-07T09:34:42+00:00"},{"id":206,"license":1,"file_name":"couch_47_jpg.rf.c68ab9f254457d79d7b6401f209cb29f.jpg","height":416,"width":416,"date_captured":"2022-12-07T09:34:42+00:00"},{"id":207,"license":1,"file_name":"chair_82_jpg.rf.c7536baea59ee893d195cc0919a0474a.jpg","height":416,"width":416,"date_captured":"2022-12-07T09:34:42+00:00"},{"id":208,"license":1,"file_name":"chair_20_jpg.rf.ca85a69a8193fc945c7bb7ef27d88f2e.jpg","height":416,"width":416,"date_captured":"2022-12-07T09:34:42+00:00"},{"id":209,"license":1,"file_name":"couch_33_jpg.rf.cb1857f7b36863897f88700282d00aa1.jpg","height":416,"width":416,"date_captured":"2022-12-07T09:34:42+00:00"},{"id":210,"license":1,"file_name":"bed_2_jpg.rf.cb7bd5d489c41d22cbe55af3822bb457.jpg","height":416,"width":416,"date_captured":"2022-12-07T09:34:42+00:00"},{"id":211,"license":1,"file_name":"couch_93_jpg.rf.cbd9aae5b94efb381cf2a0643834fcf8.jpg","height":416,"width":416,"date_captured":"2022-12-07T09:34:42+00:00"},{"id":212,"license":1,"file_name":"bed_40_jpg.rf.cc8824c34c0842df3e30ddd51171f894.jpg","height":416,"width":416,"date_captured":"2022-12-07T09:34:42+00:00"},{"id":213,"license":1,"file_name":"chair_6_jpg.rf.ccf20382c8603adcc945856a0bb3cb4f.jpg","height":416,"width":416,"date_captured":"2022-12-07T09:34:42+00:00"},{"id":214,"license":1,"file_name":"couch_44_jpg.rf.ce4f33ce8e7323ac6d0f614f8e32fc3d.jpg","height":416,"width":416,"date_captured":"2022-12-07T09:34:42+00:00"},{"id":215,"license":1,"file_name":"couch_18_jpg.rf.cec4f604038b8d895598e801523375c0.jpg","height":416,"width":416,"date_captured":"2022-12-07T09:34:42+00:00"},{"id":216,"license":1,"file_name":"bed_30_jpg.rf.d22cee95e205ad5fa14a876a3f285acb.jpg","height":416,"width":416,"date_captured":"2022-12-07T09:34:42+00:00"},{"id":217,"license":1,"file_name":"chair_56_jpg.rf.d1ea52a53ed1693ce390301a40b03e13.jpg","height":416,"width":416,"date_captured":"2022-12-07T09:34:42+00:00"},{"id":218,"license":1,"file_name":"chair_51_jpg.rf.d268fa0a0dfc0eaeccc0a887083f2ad6.jpg","height":416,"width":416,"date_captured":"2022-12-07T09:34:42+00:00"},{"id":219,"license":1,"file_name":"couch_92_jpg.rf.d2b82b1055ddaa037139aa1bffce22a4.jpg","height":416,"width":416,"date_captured":"2022-12-07T09:34:42+00:00"},{"id":220,"license":1,"file_name":"bed_39_jpg.rf.d44d4ec2191373d1c66f9fa1655e5efb.jpg","height":416,"width":416,"date_captured":"2022-12-07T09:34:42+00:00"},{"id":221,"license":1,"file_name":"couch_45_jpg.rf.d78a82fc3b9de3afee09e8fb70a23a5a.jpg","height":416,"width":416,"date_captured":"2022-12-07T09:34:42+00:00"},{"id":222,"license":1,"file_name":"chair_71_jpg.rf.d4ad6df9b9193cf9c365aa96cdcebe48.jpg","height":416,"width":416,"date_captured":"2022-12-07T09:34:42+00:00"},{"id":223,"license":1,"file_name":"bed_65_jpg.rf.d85b7f66b8198c467f0435f79fdb36c1.jpg","height":416,"width":416,"date_captured":"2022-12-07T09:34:42+00:00"},{"id":224,"license":1,"file_name":"chair_45_jpg.rf.d8aee860245e2c298a68c3d92b91e8aa.jpg","height":416,"width":416,"date_captured":"2022-12-07T09:34:42+00:00"},{"id":225,"license":1,"file_name":"chair_54_jpg.rf.d9154b2201e3468de95d8db271311761.jpg","height":416,"width":416,"date_captured":"2022-12-07T09:34:42+00:00"},{"id":226,"license":1,"file_name":"couch_53_jpg.rf.da0632333974dd37b6f4f5f2613fd4da.jpg","height":416,"width":416,"date_captured":"2022-12-07T09:34:42+00:00"},{"id":227,"license":1,"file_name":"couch_57_jpg.rf.db66fb3e69114cb39a58a9ff2f599d1a.jpg","height":416,"width":416,"date_captured":"2022-12-07T09:34:42+00:00"},{"id":228,"license":1,"file_name":"couch_95_jpg.rf.dbd69bd5d33b35b71e2a57a1ceb304fa.jpg","height":416,"width":416,"date_captured":"2022-12-07T09:34:42+00:00"},{"id":229,"license":1,"file_name":"couch_17_jpg.rf.dc3d85db442da018716d550339368003.jpg","height":416,"width":416,"date_captured":"2022-12-07T09:34:42+00:00"},{"id":230,"license":1,"file_name":"couch_4_jpg.rf.dcb09e4fc9b4ec3e66fa47d2af038bf1.jpg","height":416,"width":416,"date_captured":"2022-12-07T09:34:42+00:00"},{"id":231,"license":1,"file_name":"bed_41_jpg.rf.dd17d79116e77ce4c0a17c84f201ce49.jpg","height":416,"width":416,"date_captured":"2022-12-07T09:34:42+00:00"},{"id":232,"license":1,"file_name":"bed_60_jpg.rf.dd5b9bcae54e58cd1ea0799718306333.jpg","height":416,"width":416,"date_captured":"2022-12-07T09:34:42+00:00"},{"id":233,"license":1,"file_name":"couch_54_jpg.rf.de2d611cbb1dd4cd3debedc8abcbd6b6.jpg","height":416,"width":416,"date_captured":"2022-12-07T09:34:42+00:00"},{"id":234,"license":1,"file_name":"chair_63_jpg.rf.de7f83f3df1e42c0cdc6c4379d500dd8.jpg","height":416,"width":416,"date_captured":"2022-12-07T09:34:42+00:00"},{"id":235,"license":1,"file_name":"couch_13_jpg.rf.df0e5b64b677dc811b26bbe3de19f976.jpg","height":416,"width":416,"date_captured":"2022-12-07T09:34:42+00:00"},{"id":236,"license":1,"file_name":"bed_67_jpg.rf.e1c5ff3c57826da39c08782cf26b3af2.jpg","height":416,"width":416,"date_captured":"2022-12-07T09:34:42+00:00"},{"id":237,"license":1,"file_name":"couch_88_jpg.rf.e21c8b119a4d450c57b7594f934ab6ef.jpg","height":416,"width":416,"date_captured":"2022-12-07T09:34:42+00:00"},{"id":238,"license":1,"file_name":"bed_9_jpg.rf.e23f3386555aa384da1a8f54182f8546.jpg","height":416,"width":416,"date_captured":"2022-12-07T09:34:42+00:00"},{"id":239,"license":1,"file_name":"chair_24_jpg.rf.e248426537a6f1c5c26b9fb04a1aed51.jpg","height":416,"width":416,"date_captured":"2022-12-07T09:34:42+00:00"},{"id":240,"license":1,"file_name":"chair_8_jpg.rf.e33f514eead2c0fb1dfb57181c3d4501.jpg","height":416,"width":416,"date_captured":"2022-12-07T09:34:42+00:00"},{"id":241,"license":1,"file_name":"bed_83_jpg.rf.e3b5741336283d9d58994d0514ffafa8.jpg","height":416,"width":416,"date_captured":"2022-12-07T09:34:42+00:00"},{"id":242,"license":1,"file_name":"bed_20_jpg.rf.e468a7c93698a2f4b8959f05ed2f95cf.jpg","height":416,"width":416,"date_captured":"2022-12-07T09:34:42+00:00"}],"annotations":[{"id":0,"image_id":0,"category_id":1,"bbox":[1,17,305,161.5],"area":49257.5,"segmentation":[],"iscrowd":0},{"id":1,"image_id":0,"category_id":1,"bbox":[5,203,306,207],"area":63342,"segmentation":[],"iscrowd":0},{"id":2,"image_id":1,"category_id":2,"bbox":[68,160,34.5,62.5],"area":2156.25,"segmentation":[],"iscrowd":0},{"id":3,"image_id":1,"category_id":2,"bbox":[225,288,87,107.5],"area":9352.5,"segmentation":[],"iscrowd":0},{"id":4,"image_id":1,"category_id":2,"bbox":[348,134,33,27],"area":891,"segmentation":[],"iscrowd":0},{"id":5,"image_id":1,"category_id":2,"bbox":[81,188,28.5,55.5],"area":1581.75,"segmentation":[],"iscrowd":0},{"id":6,"image_id":1,"category_id":2,"bbox":[18,150,32.5,47],"area":1527.5,"segmentation":[],"iscrowd":0},{"id":7,"image_id":1,"category_id":2,"bbox":[405,146,11,26],"area":286,"segmentation":[],"iscrowd":0},{"id":8,"image_id":1,"category_id":2,"bbox":[319,150,26,58],"area":1508,"segmentation":[],"iscrowd":0},{"id":9,"image_id":1,"category_id":2,"bbox":[100,111,14.5,22.5],"area":326.25,"segmentation":[],"iscrowd":0},{"id":10,"image_id":1,"category_id":2,"bbox":[275,122,20,20],"area":400,"segmentation":[],"iscrowd":0},{"id":11,"image_id":1,"category_id":2,"bbox":[116,95,13.5,12],"area":162,"segmentation":[],"iscrowd":0},{"id":12,"image_id":1,"category_id":2,"bbox":[124,116,19,30.5],"area":579.5,"segmentation":[],"iscrowd":0},{"id":13,"image_id":1,"category_id":2,"bbox":[28,136,15,15.5],"area":232.5,"segmentation":[],"iscrowd":0},{"id":14,"image_id":1,"category_id":2,"bbox":[36,128,13.5,31],"area":418.5,"segmentation":[],"iscrowd":0},{"id":15,"image_id":1,"category_id":2,"bbox":[33,81,381.5,150],"area":57225,"segmentation":[],"iscrowd":0},{"id":16,"image_id":2,"category_id":1,"bbox":[0,81,336.5,330],"area":111045,"segmentation":[],"iscrowd":0},{"id":17,"image_id":3,"category_id":1,"bbox":[195,232,221,175],"area":38675,"segmentation":[],"iscrowd":0},{"id":18,"image_id":4,"category_id":2,"bbox":[250,283,47,130],"area":6110,"segmentation":[],"iscrowd":0},{"id":19,"image_id":5,"category_id":3,"bbox":[106,141,143,91],"area":13013,"segmentation":[],"iscrowd":0},{"id":20,"image_id":6,"category_id":1,"bbox":[0,18,415,392],"area":162680,"segmentation":[],"iscrowd":0},{"id":21,"image_id":7,"category_id":2,"bbox":[0,327,60,88],"area":5280,"segmentation":[],"iscrowd":0},{"id":22,"image_id":7,"category_id":2,"bbox":[186,274,50,108.5],"area":5425,"segmentation":[],"iscrowd":0},{"id":23,"image_id":7,"category_id":2,"bbox":[30,380,71,35],"area":2485,"segmentation":[],"iscrowd":0},{"id":24,"image_id":8,"category_id":1,"bbox":[191,162,179.5,226.5],"area":40656.75,"segmentation":[],"iscrowd":0},{"id":25,"image_id":9,"category_id":3,"bbox":[57,195,284,161.5],"area":45866,"segmentation":[],"iscrowd":0},{"id":26,"image_id":10,"category_id":3,"bbox":[0,169,82,239],"area":19598,"segmentation":[],"iscrowd":0},{"id":27,"image_id":10,"category_id":3,"bbox":[234,177,64,113],"area":7232,"segmentation":[],"iscrowd":0},{"id":28,"image_id":11,"category_id":1,"bbox":[98,78,317.5,162],"area":51435,"segmentation":[],"iscrowd":0},{"id":29,"image_id":12,"category_id":1,"bbox":[48,145,162.5,218.5],"area":35506.25,"segmentation":[],"iscrowd":0},{"id":30,"image_id":12,"category_id":1,"bbox":[1,126,413,283.5],"area":117085.5,"segmentation":[],"iscrowd":0},{"id":31,"image_id":13,"category_id":2,"bbox":[269,246,13,23.5],"area":305.5,"segmentation":[],"iscrowd":0},{"id":32,"image_id":13,"category_id":2,"bbox":[285,243,6.5,21.5],"area":139.75,"segmentation":[],"iscrowd":0},{"id":33,"image_id":13,"category_id":2,"bbox":[301,240,14.5,25],"area":362.5,"segmentation":[],"iscrowd":0},{"id":34,"image_id":13,"category_id":2,"bbox":[322,224,13.5,19],"area":256.5,"segmentation":[],"iscrowd":0},{"id":35,"image_id":13,"category_id":2,"bbox":[334,219,10,20],"area":200,"segmentation":[],"iscrowd":0},{"id":36,"image_id":13,"category_id":2,"bbox":[406,224,8,16.5],"area":132,"segmentation":[],"iscrowd":0},{"id":37,"image_id":13,"category_id":2,"bbox":[265,293,15.5,26],"area":403,"segmentation":[],"iscrowd":0},{"id":38,"image_id":13,"category_id":2,"bbox":[187,344,15.5,23.5],"area":364.25,"segmentation":[],"iscrowd":0},{"id":39,"image_id":13,"category_id":2,"bbox":[285,171,26,61.5],"area":1599,"segmentation":[],"iscrowd":0},{"id":40,"image_id":14,"category_id":1,"bbox":[251,342,165,66.5],"area":10972.5,"segmentation":[],"iscrowd":0},{"id":41,"image_id":15,"category_id":1,"bbox":[14,224,245.5,191.5],"area":47013.25,"segmentation":[],"iscrowd":0},{"id":42,"image_id":16,"category_id":3,"bbox":[3,124,411.5,286],"area":117689,"segmentation":[],"iscrowd":0},{"id":43,"image_id":17,"category_id":2,"bbox":[24,189,32.5,58],"area":1885,"segmentation":[],"iscrowd":0},{"id":44,"image_id":18,"category_id":3,"bbox":[0,57,415,353],"area":146495,"segmentation":[],"iscrowd":0},{"id":45,"image_id":19,"category_id":3,"bbox":[0,158,355,112.5],"area":39937.5,"segmentation":[],"iscrowd":0},{"id":46,"image_id":20,"category_id":2,"bbox":[109,310,69.5,100],"area":6950,"segmentation":[],"iscrowd":0},{"id":47,"image_id":20,"category_id":2,"bbox":[376,129,23.5,53],"area":1245.5,"segmentation":[],"iscrowd":0},{"id":48,"image_id":20,"category_id":2,"bbox":[340,126,16,41],"area":656,"segmentation":[],"iscrowd":0},{"id":49,"image_id":21,"category_id":1,"bbox":[2,1,171,146.5],"area":25051.5,"segmentation":[],"iscrowd":0},{"id":50,"image_id":22,"category_id":1,"bbox":[0,138,415,272],"area":112880,"segmentation":[],"iscrowd":0},{"id":51,"image_id":23,"category_id":3,"bbox":[0,256,321,158],"area":50718,"segmentation":[],"iscrowd":0},{"id":52,"image_id":24,"category_id":2,"bbox":[284,12,107,196.5],"area":21025.5,"segmentation":[],"iscrowd":0},{"id":53,"image_id":25,"category_id":2,"bbox":[310,0,93,84],"area":7812,"segmentation":[],"iscrowd":0},{"id":54,"image_id":26,"category_id":1,"bbox":[2,32,408,378],"area":154224,"segmentation":[],"iscrowd":0},{"id":55,"image_id":26,"category_id":1,"bbox":[2,1,189,255],"area":48195,"segmentation":[],"iscrowd":0},{"id":56,"image_id":27,"category_id":3,"bbox":[18,253,56,64],"area":3584,"segmentation":[],"iscrowd":0},{"id":57,"image_id":28,"category_id":3,"bbox":[57,186,43,26.5],"area":1139.5,"segmentation":[],"iscrowd":0},{"id":58,"image_id":29,"category_id":1,"bbox":[0,243,412.5,166.5],"area":68681.25,"segmentation":[],"iscrowd":0},{"id":59,"image_id":30,"category_id":3,"bbox":[152,114,190.5,263],"area":50101.5,"segmentation":[],"iscrowd":0},{"id":60,"image_id":31,"category_id":3,"bbox":[22,127,335.5,287.5],"area":96456.25,"segmentation":[],"iscrowd":0},{"id":61,"image_id":32,"category_id":3,"bbox":[60,244,355.5,123],"area":43726.5,"segmentation":[],"iscrowd":0},{"id":62,"image_id":33,"category_id":2,"bbox":[90,115,63.5,68.5],"area":4349.75,"segmentation":[],"iscrowd":0},{"id":63,"image_id":33,"category_id":2,"bbox":[158,119,54,102.5],"area":5535,"segmentation":[],"iscrowd":0},{"id":64,"image_id":33,"category_id":2,"bbox":[0,116,28.5,145.5],"area":4146.75,"segmentation":[],"iscrowd":0},{"id":65,"image_id":33,"category_id":2,"bbox":[268,68,14.5,10.5],"area":152.25,"segmentation":[],"iscrowd":0},{"id":66,"image_id":34,"category_id":2,"bbox":[163,51,121.5,62.5],"area":7593.75,"segmentation":[],"iscrowd":0},{"id":67,"image_id":34,"category_id":2,"bbox":[59,121,100,107.5],"area":10750,"segmentation":[],"iscrowd":0},{"id":68,"image_id":34,"category_id":2,"bbox":[371,63,30,54.5],"area":1635,"segmentation":[],"iscrowd":0},{"id":69,"image_id":34,"category_id":2,"bbox":[0,118,71.5,108.5],"area":7757.75,"segmentation":[],"iscrowd":0},{"id":70,"image_id":35,"category_id":2,"bbox":[103,355,97.5,60.5],"area":5898.75,"segmentation":[],"iscrowd":0},{"id":71,"image_id":36,"category_id":1,"bbox":[1,62,414.5,346],"area":143417,"segmentation":[],"iscrowd":0},{"id":72,"image_id":37,"category_id":1,"bbox":[42,1,350.5,71],"area":24885.5,"segmentation":[],"iscrowd":0},{"id":73,"image_id":38,"category_id":2,"bbox":[96,42,60,127.5],"area":7650,"segmentation":[],"iscrowd":0},{"id":74,"image_id":38,"category_id":2,"bbox":[67,35,39,111],"area":4329,"segmentation":[],"iscrowd":0},{"id":75,"image_id":38,"category_id":2,"bbox":[144,42,31,96],"area":2976,"segmentation":[],"iscrowd":0},{"id":76,"image_id":39,"category_id":3,"bbox":[304,222,112,104],"area":11648,"segmentation":[],"iscrowd":0},{"id":77,"image_id":40,"category_id":1,"bbox":[1,0,253.5,409],"area":103681.5,"segmentation":[],"iscrowd":0},{"id":78,"image_id":41,"category_id":3,"bbox":[186,142,170.5,164.5],"area":28047.25,"segmentation":[],"iscrowd":0},{"id":79,"image_id":41,"category_id":3,"bbox":[0,142,195.5,209],"area":40859.5,"segmentation":[],"iscrowd":0},{"id":80,"image_id":42,"category_id":3,"bbox":[140,201,275,210.5],"area":57887.5,"segmentation":[],"iscrowd":0},{"id":81,"image_id":43,"category_id":1,"bbox":[0,1,415,409],"area":169735,"segmentation":[],"iscrowd":0},{"id":82,"image_id":44,"category_id":3,"bbox":[206,194,209.5,219.5],"area":45985.25,"segmentation":[],"iscrowd":0},{"id":83,"image_id":45,"category_id":2,"bbox":[131,148,25.5,53],"area":1351.5,"segmentation":[],"iscrowd":0},{"id":84,"image_id":45,"category_id":2,"bbox":[157,150,23.5,20],"area":470,"segmentation":[],"iscrowd":0},{"id":85,"image_id":45,"category_id":2,"bbox":[179,163,52.5,42.5],"area":2231.25,"segmentation":[],"iscrowd":0},{"id":86,"image_id":45,"category_id":2,"bbox":[2,154,30,79.5],"area":2385,"segmentation":[],"iscrowd":0},{"id":87,"image_id":45,"category_id":2,"bbox":[181,129,34.5,31],"area":1069.5,"segmentation":[],"iscrowd":0},{"id":88,"image_id":45,"category_id":2,"bbox":[102,147,41,92.5],"area":3792.5,"segmentation":[],"iscrowd":0},{"id":89,"image_id":45,"category_id":2,"bbox":[260,146,26,56.5],"area":1469,"segmentation":[],"iscrowd":0},{"id":90,"image_id":46,"category_id":3,"bbox":[48,202,83,66],"area":5478,"segmentation":[],"iscrowd":0},{"id":91,"image_id":47,"category_id":1,"bbox":[11,296,404.5,114],"area":46113,"segmentation":[],"iscrowd":0},{"id":92,"image_id":48,"category_id":3,"bbox":[278,205,112,118.5],"area":13272,"segmentation":[],"iscrowd":0},{"id":93,"image_id":49,"category_id":3,"bbox":[380,324,36,47.5],"area":1710,"segmentation":[],"iscrowd":0},{"id":94,"image_id":50,"category_id":3,"bbox":[46,195,160,127],"area":20320,"segmentation":[],"iscrowd":0},{"id":95,"image_id":51,"category_id":2,"bbox":[235,333,89.5,77],"area":6891.5,"segmentation":[],"iscrowd":0},{"id":96,"image_id":51,"category_id":2,"bbox":[89,253,78,162],"area":12636,"segmentation":[],"iscrowd":0},{"id":97,"image_id":51,"category_id":2,"bbox":[348,287,47.5,53.5],"area":2541.25,"segmentation":[],"iscrowd":0},{"id":98,"image_id":51,"category_id":2,"bbox":[265,235,44,124],"area":5456,"segmentation":[],"iscrowd":0},{"id":99,"image_id":51,"category_id":2,"bbox":[3,221,48,138.5],"area":6648,"segmentation":[],"iscrowd":0},{"id":100,"image_id":52,"category_id":2,"bbox":[84,127,103.5,113.5],"area":11747.25,"segmentation":[],"iscrowd":0},{"id":101,"image_id":52,"category_id":2,"bbox":[172,123,56,90],"area":5040,"segmentation":[],"iscrowd":0},{"id":102,"image_id":52,"category_id":2,"bbox":[227,124,46,69.5],"area":3197,"segmentation":[],"iscrowd":0},{"id":103,"image_id":52,"category_id":2,"bbox":[1,134,25.5,164.5],"area":4194.75,"segmentation":[],"iscrowd":0},{"id":104,"image_id":52,"category_id":2,"bbox":[215,110,200,121.5],"area":24300,"segmentation":[],"iscrowd":0},{"id":105,"image_id":53,"category_id":2,"bbox":[100,347,60,67.5],"area":4050,"segmentation":[],"iscrowd":0},{"id":106,"image_id":53,"category_id":2,"bbox":[245,177,107,157.5],"area":16852.5,"segmentation":[],"iscrowd":0},{"id":107,"image_id":53,"category_id":2,"bbox":[32,269,62.5,80.5],"area":5031.25,"segmentation":[],"iscrowd":0},{"id":108,"image_id":54,"category_id":1,"bbox":[1,96,414.5,313],"area":129738.5,"segmentation":[],"iscrowd":0},{"id":109,"image_id":55,"category_id":2,"bbox":[151,121,134.5,260],"area":34970,"segmentation":[],"iscrowd":0},{"id":110,"image_id":55,"category_id":2,"bbox":[91,162,35,91.5],"area":3202.5,"segmentation":[],"iscrowd":0},{"id":111,"image_id":56,"category_id":2,"bbox":[374,91,11.5,10],"area":115,"segmentation":[],"iscrowd":0},{"id":112,"image_id":56,"category_id":2,"bbox":[385,91,12.5,11],"area":137.5,"segmentation":[],"iscrowd":0},{"id":113,"image_id":56,"category_id":2,"bbox":[379,81,11.5,12],"area":138,"segmentation":[],"iscrowd":0},{"id":114,"image_id":56,"category_id":2,"bbox":[270,137,12.5,24.5],"area":306.25,"segmentation":[],"iscrowd":0},{"id":115,"image_id":56,"category_id":2,"bbox":[373,189,9,22.5],"area":202.5,"segmentation":[],"iscrowd":0},{"id":116,"image_id":56,"category_id":2,"bbox":[293,115,10,20.5],"area":205,"segmentation":[],"iscrowd":0},{"id":117,"image_id":56,"category_id":2,"bbox":[259,148,15,17.5],"area":262.5,"segmentation":[],"iscrowd":0},{"id":118,"image_id":56,"category_id":2,"bbox":[56,124,10.5,13.5],"area":141.75,"segmentation":[],"iscrowd":0},{"id":119,"image_id":56,"category_id":2,"bbox":[67,235,6.5,22.5],"area":146.25,"segmentation":[],"iscrowd":0},{"id":120,"image_id":56,"category_id":2,"bbox":[396,71,2,7],"area":14,"segmentation":[],"iscrowd":0},{"id":121,"image_id":56,"category_id":2,"bbox":[381,107,7,13],"area":91,"segmentation":[],"iscrowd":0},{"id":122,"image_id":56,"category_id":2,"bbox":[251,156,11,7],"area":77,"segmentation":[],"iscrowd":0},{"id":123,"image_id":56,"category_id":2,"bbox":[373,137,11.5,11],"area":126.5,"segmentation":[],"iscrowd":0},{"id":124,"image_id":56,"category_id":2,"bbox":[7,27,385,314],"area":120890,"segmentation":[],"iscrowd":0},{"id":125,"image_id":57,"category_id":3,"bbox":[0,177,282.5,231.5],"area":65398.75,"segmentation":[],"iscrowd":0},{"id":126,"image_id":58,"category_id":1,"bbox":[0,234,414.5,181],"area":75024.5,"segmentation":[],"iscrowd":0},{"id":127,"image_id":59,"category_id":1,"bbox":[9,2,407,362.5],"area":147537.5,"segmentation":[],"iscrowd":0},{"id":128,"image_id":60,"category_id":2,"bbox":[74,217,58,77],"area":4466,"segmentation":[],"iscrowd":0},{"id":129,"image_id":61,"category_id":1,"bbox":[61,183,354,224.5],"area":79473,"segmentation":[],"iscrowd":0},{"id":130,"image_id":62,"category_id":3,"bbox":[1,119,229,291.5],"area":66753.5,"segmentation":[],"iscrowd":0},{"id":131,"image_id":63,"category_id":3,"bbox":[193,233,222.5,182],"area":40495,"segmentation":[],"iscrowd":0},{"id":132,"image_id":64,"category_id":2,"bbox":[301,276,114,113],"area":12882,"segmentation":[],"iscrowd":0},{"id":133,"image_id":65,"category_id":1,"bbox":[11,233,282,180.5],"area":50901,"segmentation":[],"iscrowd":0},{"id":134,"image_id":66,"category_id":2,"bbox":[111,284,106,126.5],"area":13409,"segmentation":[],"iscrowd":0},{"id":135,"image_id":67,"category_id":2,"bbox":[67,237,19,22.5],"area":427.5,"segmentation":[],"iscrowd":0},{"id":136,"image_id":67,"category_id":2,"bbox":[95,238,12.5,21],"area":262.5,"segmentation":[],"iscrowd":0},{"id":137,"image_id":67,"category_id":2,"bbox":[62,234,4.5,27],"area":121.5,"segmentation":[],"iscrowd":0},{"id":138,"image_id":68,"category_id":2,"bbox":[94,237,35,58],"area":2030,"segmentation":[],"iscrowd":0},{"id":139,"image_id":69,"category_id":1,"bbox":[2,151,189,260],"area":49140,"segmentation":[],"iscrowd":0},{"id":140,"image_id":70,"category_id":3,"bbox":[0,230,415,44],"area":18260,"segmentation":[],"iscrowd":0},{"id":141,"image_id":71,"category_id":3,"bbox":[368,290,48,104],"area":4992,"segmentation":[],"iscrowd":0},{"id":142,"image_id":72,"category_id":2,"bbox":[291,245,38,50],"area":1900,"segmentation":[],"iscrowd":0},{"id":143,"image_id":73,"category_id":3,"bbox":[1,20,414.5,396],"area":164142,"segmentation":[],"iscrowd":0},{"id":144,"image_id":74,"category_id":1,"bbox":[0,224,415,191],"area":79265,"segmentation":[],"iscrowd":0},{"id":145,"image_id":75,"category_id":2,"bbox":[1,262,209,152],"area":31768,"segmentation":[],"iscrowd":0},{"id":146,"image_id":76,"category_id":2,"bbox":[0,270,125,145.5],"area":18187.5,"segmentation":[],"iscrowd":0},{"id":147,"image_id":76,"category_id":2,"bbox":[0,183,53,85],"area":4505,"segmentation":[],"iscrowd":0},{"id":148,"image_id":77,"category_id":1,"bbox":[2,0,414,410],"area":169740,"segmentation":[],"iscrowd":0},{"id":149,"image_id":77,"category_id":1,"bbox":[324,90,89.5,64],"area":5728,"segmentation":[],"iscrowd":0},{"id":150,"image_id":78,"category_id":2,"bbox":[85,62,260.5,351.5],"area":91565.75,"segmentation":[],"iscrowd":0},{"id":151,"image_id":79,"category_id":2,"bbox":[0,170,293,151],"area":44243,"segmentation":[],"iscrowd":0},{"id":152,"image_id":80,"category_id":1,"bbox":[235,0,180.5,414.5],"area":74817.25,"segmentation":[],"iscrowd":0},{"id":153,"image_id":81,"category_id":3,"bbox":[179,347,235.5,66],"area":15543,"segmentation":[],"iscrowd":0},{"id":154,"image_id":81,"category_id":3,"bbox":[359,250,56,112.5],"area":6300,"segmentation":[],"iscrowd":0},{"id":155,"image_id":82,"category_id":3,"bbox":[0,113,54,40.5],"area":2187,"segmentation":[],"iscrowd":0},{"id":156,"image_id":83,"category_id":3,"bbox":[192,93,224,240.5],"area":53872,"segmentation":[],"iscrowd":0},{"id":157,"image_id":84,"category_id":2,"bbox":[138,174,68,92.5],"area":6290,"segmentation":[],"iscrowd":0},{"id":158,"image_id":84,"category_id":2,"bbox":[243,139,42.5,77.5],"area":3293.75,"segmentation":[],"iscrowd":0},{"id":159,"image_id":84,"category_id":2,"bbox":[218,158,32.5,66],"area":2145,"segmentation":[],"iscrowd":0},{"id":160,"image_id":84,"category_id":2,"bbox":[257,165,94,131],"area":12314,"segmentation":[],"iscrowd":0},{"id":161,"image_id":84,"category_id":2,"bbox":[336,270,79,145],"area":11455,"segmentation":[],"iscrowd":0},{"id":162,"image_id":85,"category_id":2,"bbox":[311,259,25.5,116],"area":2958,"segmentation":[],"iscrowd":0},{"id":163,"image_id":85,"category_id":2,"bbox":[1,299,222.5,116],"area":25810,"segmentation":[],"iscrowd":0},{"id":164,"image_id":85,"category_id":2,"bbox":[107,256,52.5,55.5],"area":2913.75,"segmentation":[],"iscrowd":0},{"id":165,"image_id":86,"category_id":3,"bbox":[0,15,415,396],"area":164340,"segmentation":[],"iscrowd":0},{"id":166,"image_id":87,"category_id":1,"bbox":[1,200,413,208],"area":85904,"segmentation":[],"iscrowd":0},{"id":167,"image_id":88,"category_id":3,"bbox":[0,286,170.5,130],"area":22165,"segmentation":[],"iscrowd":0},{"id":168,"image_id":89,"category_id":2,"bbox":[92,248,155,40.5],"area":6277.5,"segmentation":[],"iscrowd":0},{"id":169,"image_id":89,"category_id":2,"bbox":[11,375,70,39.5],"area":2765,"segmentation":[],"iscrowd":0},{"id":170,"image_id":90,"category_id":2,"bbox":[351,160,64,230],"area":14720,"segmentation":[],"iscrowd":0},{"id":171,"image_id":91,"category_id":2,"bbox":[359,143,23,91],"area":2093,"segmentation":[],"iscrowd":0},{"id":172,"image_id":92,"category_id":1,"bbox":[0,137,382.5,270.5],"area":103466.25,"segmentation":[],"iscrowd":0},{"id":173,"image_id":93,"category_id":3,"bbox":[216,200,71.5,64.5],"area":4611.75,"segmentation":[],"iscrowd":0},{"id":174,"image_id":94,"category_id":1,"bbox":[0,333,236.5,82],"area":19393,"segmentation":[],"iscrowd":0},{"id":175,"image_id":95,"category_id":1,"bbox":[0,14,413,401],"area":165613,"segmentation":[],"iscrowd":0},{"id":176,"image_id":96,"category_id":3,"bbox":[1,104,385,306],"area":117810,"segmentation":[],"iscrowd":0},{"id":177,"image_id":97,"category_id":3,"bbox":[0,273,169,141],"area":23829,"segmentation":[],"iscrowd":0},{"id":178,"image_id":98,"category_id":3,"bbox":[318,164,92.5,76.5],"area":7076.25,"segmentation":[],"iscrowd":0},{"id":179,"image_id":99,"category_id":1,"bbox":[1,24,414.5,386.5],"area":160204.25,"segmentation":[],"iscrowd":0},{"id":180,"image_id":100,"category_id":3,"bbox":[199,227,217,183.5],"area":39819.5,"segmentation":[],"iscrowd":0},{"id":181,"image_id":101,"category_id":3,"bbox":[59,215,204,87.5],"area":17850,"segmentation":[],"iscrowd":0},{"id":182,"image_id":101,"category_id":3,"bbox":[1,306,414,105],"area":43470,"segmentation":[],"iscrowd":0},{"id":183,"image_id":102,"category_id":2,"bbox":[202,291,201.5,124],"area":24986,"segmentation":[],"iscrowd":0},{"id":184,"image_id":102,"category_id":2,"bbox":[1,236,110,178.5],"area":19635,"segmentation":[],"iscrowd":0},{"id":185,"image_id":103,"category_id":1,"bbox":[1,1,413.5,409],"area":169121.5,"segmentation":[],"iscrowd":0},{"id":186,"image_id":104,"category_id":2,"bbox":[375,28,37,91],"area":3367,"segmentation":[],"iscrowd":0},{"id":187,"image_id":105,"category_id":1,"bbox":[0,25,222,385],"area":85470,"segmentation":[],"iscrowd":0},{"id":188,"image_id":106,"category_id":2,"bbox":[252,88,67.5,61],"area":4117.5,"segmentation":[],"iscrowd":0},{"id":189,"image_id":106,"category_id":2,"bbox":[386,182,29.5,47.5],"area":1401.25,"segmentation":[],"iscrowd":0},{"id":190,"image_id":106,"category_id":2,"bbox":[0,219,97,196.5],"area":19060.5,"segmentation":[],"iscrowd":0},{"id":191,"image_id":106,"category_id":2,"bbox":[0,196,66,73],"area":4818,"segmentation":[],"iscrowd":0},{"id":192,"image_id":107,"category_id":1,"bbox":[177,167,238.5,248.5],"area":59267.25,"segmentation":[],"iscrowd":0},{"id":193,"image_id":108,"category_id":3,"bbox":[33,190,112.5,138.5],"area":15581.25,"segmentation":[],"iscrowd":0},{"id":194,"image_id":109,"category_id":3,"bbox":[1,179,193,230.5],"area":44486.5,"segmentation":[],"iscrowd":0},{"id":195,"image_id":110,"category_id":1,"bbox":[1,0,414.5,409],"area":169530.5,"segmentation":[],"iscrowd":0},{"id":196,"image_id":111,"category_id":1,"bbox":[0,102,415,314],"area":130310,"segmentation":[],"iscrowd":0},{"id":197,"image_id":112,"category_id":3,"bbox":[257,219,143,117],"area":16731,"segmentation":[],"iscrowd":0},{"id":198,"image_id":113,"category_id":2,"bbox":[0,168,154.5,188],"area":29046,"segmentation":[],"iscrowd":0},{"id":199,"image_id":114,"category_id":3,"bbox":[0,62,415,348],"area":144420,"segmentation":[],"iscrowd":0},{"id":200,"image_id":115,"category_id":3,"bbox":[182,182,234,233],"area":54522,"segmentation":[],"iscrowd":0},{"id":201,"image_id":116,"category_id":2,"bbox":[181,231,233,183],"area":42639,"segmentation":[],"iscrowd":0},{"id":202,"image_id":117,"category_id":2,"bbox":[388,0,27.5,66],"area":1815,"segmentation":[],"iscrowd":0},{"id":203,"image_id":118,"category_id":1,"bbox":[1,134,414.5,275.5],"area":114194.75,"segmentation":[],"iscrowd":0},{"id":204,"image_id":119,"category_id":2,"bbox":[352,1,63.5,144],"area":9144,"segmentation":[],"iscrowd":0},{"id":205,"image_id":119,"category_id":2,"bbox":[291,27,23.5,74.5],"area":1750.75,"segmentation":[],"iscrowd":0},{"id":206,"image_id":119,"category_id":2,"bbox":[275,93,79.5,55.5],"area":4412.25,"segmentation":[],"iscrowd":0},{"id":207,"image_id":119,"category_id":2,"bbox":[366,70,48,16.5],"area":792,"segmentation":[],"iscrowd":0},{"id":208,"image_id":119,"category_id":2,"bbox":[365,81,47.5,22.5],"area":1068.75,"segmentation":[],"iscrowd":0},{"id":209,"image_id":119,"category_id":2,"bbox":[366,102,44,14],"area":616,"segmentation":[],"iscrowd":0},{"id":210,"image_id":119,"category_id":2,"bbox":[364,116,39.5,14.5],"area":572.75,"segmentation":[],"iscrowd":0},{"id":211,"image_id":119,"category_id":2,"bbox":[362,133,26.5,9.5],"area":251.75,"segmentation":[],"iscrowd":0},{"id":212,"image_id":119,"category_id":2,"bbox":[271,192,11,28.5],"area":313.5,"segmentation":[],"iscrowd":0},{"id":213,"image_id":119,"category_id":2,"bbox":[362,151,21,19],"area":399,"segmentation":[],"iscrowd":0},{"id":214,"image_id":119,"category_id":2,"bbox":[343,105,10.5,8.5],"area":89.25,"segmentation":[],"iscrowd":0},{"id":215,"image_id":119,"category_id":2,"bbox":[407,18,8.5,39],"area":331.5,"segmentation":[],"iscrowd":0},{"id":216,"image_id":120,"category_id":2,"bbox":[52,2,289,82.5],"area":23842.5,"segmentation":[],"iscrowd":0},{"id":217,"image_id":120,"category_id":2,"bbox":[106,30,36.5,51],"area":1861.5,"segmentation":[],"iscrowd":0},{"id":218,"image_id":121,"category_id":2,"bbox":[246,291,81.5,124],"area":10106,"segmentation":[],"iscrowd":0},{"id":219,"image_id":121,"category_id":2,"bbox":[350,272,64,136.5],"area":8736,"segmentation":[],"iscrowd":0},{"id":220,"image_id":121,"category_id":2,"bbox":[271,231,43.5,63],"area":2740.5,"segmentation":[],"iscrowd":0},{"id":221,"image_id":122,"category_id":3,"bbox":[250,202,164,203],"area":33292,"segmentation":[],"iscrowd":0},{"id":222,"image_id":123,"category_id":1,"bbox":[85,143,325,272],"area":88400,"segmentation":[],"iscrowd":0},{"id":223,"image_id":124,"category_id":2,"bbox":[341,234,67.5,143],"area":9652.5,"segmentation":[],"iscrowd":0},{"id":224,"image_id":124,"category_id":2,"bbox":[56,212,92.5,145],"area":13412.5,"segmentation":[],"iscrowd":0},{"id":225,"image_id":124,"category_id":2,"bbox":[397,262,19,81],"area":1539,"segmentation":[],"iscrowd":0},{"id":226,"image_id":124,"category_id":2,"bbox":[395,329,21,85.5],"area":1795.5,"segmentation":[],"iscrowd":0},{"id":227,"image_id":125,"category_id":1,"bbox":[43,146,372,258.5],"area":96162,"segmentation":[],"iscrowd":0},{"id":228,"image_id":126,"category_id":1,"bbox":[91,30,324.5,378.5],"area":122823.25,"segmentation":[],"iscrowd":0},{"id":229,"image_id":127,"category_id":1,"bbox":[3,122,295.5,286.5],"area":84660.75,"segmentation":[],"iscrowd":0},{"id":230,"image_id":128,"category_id":2,"bbox":[49,86,299.5,259],"area":77570.5,"segmentation":[],"iscrowd":0},{"id":231,"image_id":129,"category_id":3,"bbox":[1,1,368.5,407.5],"area":150163.75,"segmentation":[],"iscrowd":0},{"id":232,"image_id":130,"category_id":3,"bbox":[2,227,106,112.5],"area":11925,"segmentation":[],"iscrowd":0},{"id":233,"image_id":131,"category_id":2,"bbox":[307,159,16.5,91],"area":1501.5,"segmentation":[],"iscrowd":0},{"id":234,"image_id":131,"category_id":2,"bbox":[330,380,84,30],"area":2520,"segmentation":[],"iscrowd":0},{"id":235,"image_id":131,"category_id":2,"bbox":[317,152,15,103],"area":1545,"segmentation":[],"iscrowd":0},{"id":236,"image_id":131,"category_id":2,"bbox":[63,165,25,42],"area":1050,"segmentation":[],"iscrowd":0},{"id":237,"image_id":131,"category_id":2,"bbox":[1,297,90.5,117.5],"area":10633.75,"segmentation":[],"iscrowd":0},{"id":238,"image_id":132,"category_id":2,"bbox":[203,191,49.5,106.5],"area":5271.75,"segmentation":[],"iscrowd":0},{"id":239,"image_id":132,"category_id":2,"bbox":[378,177,36,44],"area":1584,"segmentation":[],"iscrowd":0},{"id":240,"image_id":132,"category_id":2,"bbox":[170,230,19,49.5],"area":940.5,"segmentation":[],"iscrowd":0},{"id":241,"image_id":132,"category_id":2,"bbox":[0,188,56,88.5],"area":4956,"segmentation":[],"iscrowd":0},{"id":242,"image_id":132,"category_id":2,"bbox":[377,227,36.5,154.5],"area":5639.25,"segmentation":[],"iscrowd":0},{"id":243,"image_id":133,"category_id":1,"bbox":[1,155,414.5,253],"area":104868.5,"segmentation":[],"iscrowd":0},{"id":244,"image_id":134,"category_id":2,"bbox":[128,214,32.5,72.5],"area":2356.25,"segmentation":[],"iscrowd":0},{"id":245,"image_id":134,"category_id":2,"bbox":[136,210,13.5,35],"area":472.5,"segmentation":[],"iscrowd":0},{"id":246,"image_id":134,"category_id":2,"bbox":[163,220,28.5,71.5],"area":2037.75,"segmentation":[],"iscrowd":0},{"id":247,"image_id":134,"category_id":2,"bbox":[139,238,100,141.5],"area":14150,"segmentation":[],"iscrowd":0},{"id":248,"image_id":134,"category_id":2,"bbox":[108,322,158,87.5],"area":13825,"segmentation":[],"iscrowd":0},{"id":249,"image_id":135,"category_id":2,"bbox":[0,213,75,202],"area":15150,"segmentation":[],"iscrowd":0},{"id":250,"image_id":135,"category_id":2,"bbox":[328,270,56,121.5],"area":6804,"segmentation":[],"iscrowd":0},{"id":251,"image_id":135,"category_id":2,"bbox":[299,184,19.5,65],"area":1267.5,"segmentation":[],"iscrowd":0},{"id":252,"image_id":135,"category_id":2,"bbox":[134,152,66.5,10],"area":665,"segmentation":[],"iscrowd":0},{"id":253,"image_id":136,"category_id":1,"bbox":[0,269,415,147],"area":61005,"segmentation":[],"iscrowd":0},{"id":254,"image_id":137,"category_id":3,"bbox":[203,238,145.5,126.5],"area":18405.75,"segmentation":[],"iscrowd":0},{"id":255,"image_id":137,"category_id":3,"bbox":[258,207,96,53.5],"area":5136,"segmentation":[],"iscrowd":0},{"id":256,"image_id":138,"category_id":3,"bbox":[31,133,105.5,276],"area":29118,"segmentation":[],"iscrowd":0},{"id":257,"image_id":139,"category_id":3,"bbox":[6,109,183,201.5],"area":36874.5,"segmentation":[],"iscrowd":0},{"id":258,"image_id":140,"category_id":1,"bbox":[51,229,191,181],"area":34571,"segmentation":[],"iscrowd":0},{"id":259,"image_id":141,"category_id":3,"bbox":[376,242,39,118.5],"area":4621.5,"segmentation":[],"iscrowd":0},{"id":260,"image_id":142,"category_id":1,"bbox":[0,206,291,204.5],"area":59509.5,"segmentation":[],"iscrowd":0},{"id":261,"image_id":143,"category_id":1,"bbox":[0,320,415,95],"area":39425,"segmentation":[],"iscrowd":0},{"id":262,"image_id":144,"category_id":3,"bbox":[125,218,149,104],"area":15496,"segmentation":[],"iscrowd":0},{"id":263,"image_id":144,"category_id":3,"bbox":[287,322,127.5,87],"area":11092.5,"segmentation":[],"iscrowd":0},{"id":264,"image_id":145,"category_id":2,"bbox":[110,99,36.5,15.5],"area":565.75,"segmentation":[],"iscrowd":0},{"id":265,"image_id":145,"category_id":2,"bbox":[254,97,33,17.5],"area":577.5,"segmentation":[],"iscrowd":0},{"id":266,"image_id":145,"category_id":2,"bbox":[395,97,17.5,15.5],"area":271.25,"segmentation":[],"iscrowd":0},{"id":267,"image_id":145,"category_id":2,"bbox":[180,98,10,14.5],"area":145,"segmentation":[],"iscrowd":0},{"id":268,"image_id":145,"category_id":2,"bbox":[146,94,34,20.5],"area":697,"segmentation":[],"iscrowd":0},{"id":269,"image_id":145,"category_id":2,"bbox":[335,98,21.5,14.5],"area":311.75,"segmentation":[],"iscrowd":0},{"id":270,"image_id":145,"category_id":2,"bbox":[359,95,26,17.5],"area":455,"segmentation":[],"iscrowd":0},{"id":271,"image_id":145,"category_id":2,"bbox":[176,7,36.5,22.5],"area":821.25,"segmentation":[],"iscrowd":0},{"id":272,"image_id":145,"category_id":2,"bbox":[364,98,28.5,14.5],"area":413.25,"segmentation":[],"iscrowd":0},{"id":273,"image_id":145,"category_id":2,"bbox":[337,86,19,23.5],"area":446.5,"segmentation":[],"iscrowd":0},{"id":274,"image_id":145,"category_id":2,"bbox":[330,70,32,16.5],"area":528,"segmentation":[],"iscrowd":0},{"id":275,"image_id":146,"category_id":3,"bbox":[220,135,176.5,104.5],"area":18444.25,"segmentation":[],"iscrowd":0},{"id":276,"image_id":146,"category_id":3,"bbox":[16,319,80.5,79],"area":6359.5,"segmentation":[],"iscrowd":0},{"id":277,"image_id":147,"category_id":2,"bbox":[323,232,93,175.5],"area":16321.5,"segmentation":[],"iscrowd":0},{"id":278,"image_id":148,"category_id":1,"bbox":[28,124,386,284],"area":109624,"segmentation":[],"iscrowd":0},{"id":279,"image_id":149,"category_id":2,"bbox":[8,254,46,133.5],"area":6141,"segmentation":[],"iscrowd":0},{"id":280,"image_id":149,"category_id":2,"bbox":[22,237,22.5,62.5],"area":1406.25,"segmentation":[],"iscrowd":0},{"id":281,"image_id":149,"category_id":2,"bbox":[176,242,43.5,93.5],"area":4067.25,"segmentation":[],"iscrowd":0},{"id":282,"image_id":149,"category_id":2,"bbox":[58,281,55,125],"area":6875,"segmentation":[],"iscrowd":0},{"id":283,"image_id":149,"category_id":2,"bbox":[123,226,9,17.5],"area":157.5,"segmentation":[],"iscrowd":0},{"id":284,"image_id":149,"category_id":2,"bbox":[127,239,11.5,23.5],"area":270.25,"segmentation":[],"iscrowd":0},{"id":285,"image_id":149,"category_id":2,"bbox":[200,259,51.5,115],"area":5922.5,"segmentation":[],"iscrowd":0},{"id":286,"image_id":149,"category_id":2,"bbox":[71,216,28.5,15],"area":427.5,"segmentation":[],"iscrowd":0},{"id":287,"image_id":149,"category_id":2,"bbox":[234,290,50,125],"area":6250,"segmentation":[],"iscrowd":0},{"id":288,"image_id":150,"category_id":1,"bbox":[0,0,413.5,408],"area":168708,"segmentation":[],"iscrowd":0},{"id":289,"image_id":151,"category_id":2,"bbox":[217,150,43,104],"area":4472,"segmentation":[],"iscrowd":0},{"id":290,"image_id":151,"category_id":2,"bbox":[275,101,35,71],"area":2485,"segmentation":[],"iscrowd":0},{"id":291,"image_id":151,"category_id":2,"bbox":[383,349,20,66],"area":1320,"segmentation":[],"iscrowd":0},{"id":292,"image_id":152,"category_id":2,"bbox":[0,0,86,251],"area":21586,"segmentation":[],"iscrowd":0},{"id":293,"image_id":152,"category_id":2,"bbox":[157,0,80,69.5],"area":5560,"segmentation":[],"iscrowd":0},{"id":294,"image_id":152,"category_id":2,"bbox":[294,1,120.5,95],"area":11447.5,"segmentation":[],"iscrowd":0},{"id":295,"image_id":152,"category_id":2,"bbox":[100,0,41,85.5],"area":3505.5,"segmentation":[],"iscrowd":0},{"id":296,"image_id":152,"category_id":2,"bbox":[250,49,57.5,27.5],"area":1581.25,"segmentation":[],"iscrowd":0},{"id":297,"image_id":153,"category_id":1,"bbox":[0,215,415,200],"area":83000,"segmentation":[],"iscrowd":0},{"id":298,"image_id":154,"category_id":3,"bbox":[0,69,113,127],"area":14351,"segmentation":[],"iscrowd":0},{"id":299,"image_id":155,"category_id":2,"bbox":[1,305,73,103.5],"area":7555.5,"segmentation":[],"iscrowd":0},{"id":300,"image_id":156,"category_id":3,"bbox":[0,17,415,392.5],"area":162887.5,"segmentation":[],"iscrowd":0},{"id":301,"image_id":157,"category_id":1,"bbox":[0,241,414,169.5],"area":70173,"segmentation":[],"iscrowd":0},{"id":302,"image_id":158,"category_id":1,"bbox":[0,74,415,335],"area":139025,"segmentation":[],"iscrowd":0},{"id":303,"image_id":159,"category_id":1,"bbox":[0,301,415,115],"area":47725,"segmentation":[],"iscrowd":0},{"id":304,"image_id":160,"category_id":3,"bbox":[264,356,151.5,58.5],"area":8862.75,"segmentation":[],"iscrowd":0},{"id":305,"image_id":161,"category_id":1,"bbox":[3,166,409.5,238.5],"area":97665.75,"segmentation":[],"iscrowd":0},{"id":306,"image_id":162,"category_id":1,"bbox":[3,44,410.5,371],"area":152295.5,"segmentation":[],"iscrowd":0},{"id":307,"image_id":163,"category_id":2,"bbox":[0,290,62,125],"area":7750,"segmentation":[],"iscrowd":0},{"id":308,"image_id":163,"category_id":2,"bbox":[0,245,54.5,62],"area":3379,"segmentation":[],"iscrowd":0},{"id":309,"image_id":164,"category_id":1,"bbox":[65,206,141.5,110],"area":15565,"segmentation":[],"iscrowd":0},{"id":310,"image_id":165,"category_id":1,"bbox":[93,184,198,223],"area":44154,"segmentation":[],"iscrowd":0},{"id":311,"image_id":166,"category_id":3,"bbox":[122,66,292,343],"area":100156,"segmentation":[],"iscrowd":0},{"id":312,"image_id":167,"category_id":2,"bbox":[344,214,46.5,22],"area":1023,"segmentation":[],"iscrowd":0},{"id":313,"image_id":167,"category_id":2,"bbox":[365,213,51,66.5],"area":3391.5,"segmentation":[],"iscrowd":0},{"id":314,"image_id":168,"category_id":3,"bbox":[110,326,155.5,89],"area":13839.5,"segmentation":[],"iscrowd":0},{"id":315,"image_id":169,"category_id":1,"bbox":[0,0,415,415],"area":172225,"segmentation":[],"iscrowd":0},{"id":316,"image_id":170,"category_id":2,"bbox":[116,183,76.5,112.5],"area":8606.25,"segmentation":[],"iscrowd":0},{"id":317,"image_id":170,"category_id":2,"bbox":[128,147,76,85],"area":6460,"segmentation":[],"iscrowd":0},{"id":318,"image_id":170,"category_id":2,"bbox":[303,156,89,129],"area":11481,"segmentation":[],"iscrowd":0},{"id":319,"image_id":171,"category_id":1,"bbox":[0,2,415,407.5],"area":169112.5,"segmentation":[],"iscrowd":0},{"id":320,"image_id":172,"category_id":3,"bbox":[335,285,80,130],"area":10400,"segmentation":[],"iscrowd":0},{"id":321,"image_id":173,"category_id":1,"bbox":[30,167,345.5,169],"area":58389.5,"segmentation":[],"iscrowd":0},{"id":322,"image_id":174,"category_id":1,"bbox":[2,90,413.5,316],"area":130666,"segmentation":[],"iscrowd":0},{"id":323,"image_id":175,"category_id":2,"bbox":[41,74,30.5,13.5],"area":411.75,"segmentation":[],"iscrowd":0},{"id":324,"image_id":175,"category_id":2,"bbox":[73,72,31,15.5],"area":480.5,"segmentation":[],"iscrowd":0},{"id":325,"image_id":175,"category_id":2,"bbox":[97,68,38,17.5],"area":665,"segmentation":[],"iscrowd":0},{"id":326,"image_id":175,"category_id":2,"bbox":[108,84,32,16],"area":512,"segmentation":[],"iscrowd":0},{"id":327,"image_id":175,"category_id":2,"bbox":[267,51,35,13],"area":455,"segmentation":[],"iscrowd":0},{"id":328,"image_id":175,"category_id":2,"bbox":[134,35,36,13.5],"area":486,"segmentation":[],"iscrowd":0},{"id":329,"image_id":175,"category_id":2,"bbox":[176,45,20.5,14.5],"area":297.25,"segmentation":[],"iscrowd":0},{"id":330,"image_id":175,"category_id":2,"bbox":[52,91,41,15],"area":615,"segmentation":[],"iscrowd":0},{"id":331,"image_id":176,"category_id":2,"bbox":[0,83,57,102],"area":5814,"segmentation":[],"iscrowd":0},{"id":332,"image_id":176,"category_id":2,"bbox":[360,103,55.5,138.5],"area":7686.75,"segmentation":[],"iscrowd":0},{"id":333,"image_id":177,"category_id":2,"bbox":[358,241,40,108.5],"area":4340,"segmentation":[],"iscrowd":0},{"id":334,"image_id":178,"category_id":1,"bbox":[105,230,310.5,180.5],"area":56045.25,"segmentation":[],"iscrowd":0},{"id":335,"image_id":179,"category_id":2,"bbox":[123,19,59,87.5],"area":5162.5,"segmentation":[],"iscrowd":0},{"id":336,"image_id":179,"category_id":2,"bbox":[313,136,91.5,140.5],"area":12855.75,"segmentation":[],"iscrowd":0},{"id":337,"image_id":180,"category_id":2,"bbox":[373,315,39.5,87.5],"area":3456.25,"segmentation":[],"iscrowd":0},{"id":338,"image_id":180,"category_id":2,"bbox":[253,323,49.5,92],"area":4554,"segmentation":[],"iscrowd":0},{"id":339,"image_id":180,"category_id":2,"bbox":[37,312,62.5,103],"area":6437.5,"segmentation":[],"iscrowd":0},{"id":340,"image_id":181,"category_id":3,"bbox":[0,240,112,132],"area":14784,"segmentation":[],"iscrowd":0},{"id":341,"image_id":181,"category_id":3,"bbox":[261,222,155,134],"area":20770,"segmentation":[],"iscrowd":0},{"id":342,"image_id":182,"category_id":2,"bbox":[214,119,47.5,119],"area":5652.5,"segmentation":[],"iscrowd":0},{"id":343,"image_id":182,"category_id":2,"bbox":[307,119,56,107],"area":5992,"segmentation":[],"iscrowd":0},{"id":344,"image_id":183,"category_id":2,"bbox":[357,0,58.5,86],"area":5031,"segmentation":[],"iscrowd":0},{"id":345,"image_id":184,"category_id":1,"bbox":[0,3,415,406],"area":168490,"segmentation":[],"iscrowd":0},{"id":346,"image_id":185,"category_id":3,"bbox":[113,29,302,380.5],"area":114911,"segmentation":[],"iscrowd":0},{"id":347,"image_id":186,"category_id":1,"bbox":[0,107,415,301],"area":124915,"segmentation":[],"iscrowd":0},{"id":348,"image_id":187,"category_id":3,"bbox":[76,157,121,117.5],"area":14217.5,"segmentation":[],"iscrowd":0},{"id":349,"image_id":188,"category_id":1,"bbox":[0,93,354,317],"area":112218,"segmentation":[],"iscrowd":0},{"id":350,"image_id":189,"category_id":1,"bbox":[0,0,414,409.5],"area":169533,"segmentation":[],"iscrowd":0},{"id":351,"image_id":190,"category_id":3,"bbox":[215,253,60.5,92.5],"area":5596.25,"segmentation":[],"iscrowd":0},{"id":352,"image_id":191,"category_id":2,"bbox":[366,3,47.5,70],"area":3325,"segmentation":[],"iscrowd":0},{"id":353,"image_id":191,"category_id":2,"bbox":[308,0,32,60],"area":1920,"segmentation":[],"iscrowd":0},{"id":354,"image_id":191,"category_id":2,"bbox":[53,32,46,89.5],"area":4117,"segmentation":[],"iscrowd":0},{"id":355,"image_id":191,"category_id":2,"bbox":[172,0,41.5,86],"area":3569,"segmentation":[],"iscrowd":0},{"id":356,"image_id":191,"category_id":2,"bbox":[85,10,130,126.5],"area":16445,"segmentation":[],"iscrowd":0},{"id":357,"image_id":192,"category_id":3,"bbox":[328,51,56.5,61.5],"area":3474.75,"segmentation":[],"iscrowd":0},{"id":358,"image_id":193,"category_id":3,"bbox":[0,139,415,276],"area":114540,"segmentation":[],"iscrowd":0},{"id":359,"image_id":194,"category_id":2,"bbox":[1,333,28.5,82.5],"area":2351.25,"segmentation":[],"iscrowd":0},{"id":360,"image_id":195,"category_id":2,"bbox":[111,0,269,247],"area":66443,"segmentation":[],"iscrowd":0},{"id":361,"image_id":195,"category_id":2,"bbox":[11,235,405,112],"area":45360,"segmentation":[],"iscrowd":0},{"id":362,"image_id":196,"category_id":3,"bbox":[405,272,11,90],"area":990,"segmentation":[],"iscrowd":0},{"id":363,"image_id":197,"category_id":1,"bbox":[0,90,214,227],"area":48578,"segmentation":[],"iscrowd":0},{"id":364,"image_id":197,"category_id":1,"bbox":[137,140,278,270.5],"area":75199,"segmentation":[],"iscrowd":0},{"id":365,"image_id":198,"category_id":3,"bbox":[2,240,127.5,171],"area":21802.5,"segmentation":[],"iscrowd":0},{"id":366,"image_id":199,"category_id":1,"bbox":[70,206,343,202],"area":69286,"segmentation":[],"iscrowd":0},{"id":367,"image_id":200,"category_id":2,"bbox":[352,248,52,72],"area":3744,"segmentation":[],"iscrowd":0},{"id":368,"image_id":200,"category_id":2,"bbox":[306,222,30,45],"area":1350,"segmentation":[],"iscrowd":0},{"id":369,"image_id":200,"category_id":2,"bbox":[296,228,18,48.5],"area":873,"segmentation":[],"iscrowd":0},{"id":370,"image_id":200,"category_id":2,"bbox":[236,214,13,40.5],"area":526.5,"segmentation":[],"iscrowd":0},{"id":371,"image_id":200,"category_id":2,"bbox":[407,245,9,57],"area":513,"segmentation":[],"iscrowd":0},{"id":372,"image_id":200,"category_id":2,"bbox":[64,172,4.5,11.5],"area":51.75,"segmentation":[],"iscrowd":0},{"id":373,"image_id":201,"category_id":2,"bbox":[0,340,200,70.5],"area":14100,"segmentation":[],"iscrowd":0},{"id":374,"image_id":202,"category_id":2,"bbox":[311,62,104.5,241],"area":25184.5,"segmentation":[],"iscrowd":0},{"id":375,"image_id":203,"category_id":3,"bbox":[88,149,21,34.5],"area":724.5,"segmentation":[],"iscrowd":0},{"id":376,"image_id":203,"category_id":3,"bbox":[189,168,226,156],"area":35256,"segmentation":[],"iscrowd":0},{"id":377,"image_id":204,"category_id":1,"bbox":[0,156,104,247],"area":25688,"segmentation":[],"iscrowd":0},{"id":378,"image_id":205,"category_id":1,"bbox":[0,0,415,408],"area":169320,"segmentation":[],"iscrowd":0},{"id":379,"image_id":206,"category_id":3,"bbox":[0,135,88,125],"area":11000,"segmentation":[],"iscrowd":0},{"id":380,"image_id":207,"category_id":2,"bbox":[379,138,36.5,116],"area":4234,"segmentation":[],"iscrowd":0},{"id":381,"image_id":208,"category_id":2,"bbox":[316,185,72.5,71.5],"area":5183.75,"segmentation":[],"iscrowd":0},{"id":382,"image_id":208,"category_id":2,"bbox":[294,181,31,33],"area":1023,"segmentation":[],"iscrowd":0},{"id":383,"image_id":208,"category_id":2,"bbox":[115,196,8,26.5],"area":212,"segmentation":[],"iscrowd":0},{"id":384,"image_id":208,"category_id":2,"bbox":[394,218,10.5,33],"area":346.5,"segmentation":[],"iscrowd":0},{"id":385,"image_id":208,"category_id":2,"bbox":[2,252,10.5,6.5],"area":68.25,"segmentation":[],"iscrowd":0},{"id":386,"image_id":208,"category_id":2,"bbox":[106,243,14.5,36],"area":522,"segmentation":[],"iscrowd":0},{"id":387,"image_id":209,"category_id":3,"bbox":[0,355,123,57],"area":7011,"segmentation":[],"iscrowd":0},{"id":388,"image_id":210,"category_id":1,"bbox":[76,204,276,207],"area":57132,"segmentation":[],"iscrowd":0},{"id":389,"image_id":211,"category_id":3,"bbox":[2,62,413.5,294.5],"area":121775.75,"segmentation":[],"iscrowd":0},{"id":390,"image_id":212,"category_id":1,"bbox":[0,130,415,280],"area":116200,"segmentation":[],"iscrowd":0},{"id":391,"image_id":213,"category_id":2,"bbox":[268,171,144,241.5],"area":34776,"segmentation":[],"iscrowd":0},{"id":392,"image_id":213,"category_id":2,"bbox":[0,175,76,240],"area":18240,"segmentation":[],"iscrowd":0},{"id":393,"image_id":214,"category_id":3,"bbox":[209,190,206.5,219.5],"area":45326.75,"segmentation":[],"iscrowd":0},{"id":394,"image_id":214,"category_id":3,"bbox":[319,180,34,66],"area":2244,"segmentation":[],"iscrowd":0},{"id":395,"image_id":215,"category_id":3,"bbox":[262,278,153.5,131.5],"area":20185.25,"segmentation":[],"iscrowd":0},{"id":396,"image_id":215,"category_id":3,"bbox":[1,271,125.5,144.5],"area":18134.75,"segmentation":[],"iscrowd":0},{"id":397,"image_id":216,"category_id":1,"bbox":[2,222,412,188],"area":77456,"segmentation":[],"iscrowd":0},{"id":398,"image_id":217,"category_id":2,"bbox":[162,314,99.5,99],"area":9850.5,"segmentation":[],"iscrowd":0},{"id":399,"image_id":217,"category_id":2,"bbox":[27,316,104.5,93.5],"area":9770.75,"segmentation":[],"iscrowd":0},{"id":400,"image_id":218,"category_id":2,"bbox":[24,103,368,279],"area":102672,"segmentation":[],"iscrowd":0},{"id":401,"image_id":219,"category_id":3,"bbox":[181,268,231.5,142],"area":32873,"segmentation":[],"iscrowd":0},{"id":402,"image_id":220,"category_id":1,"bbox":[0,93,415,323],"area":134045,"segmentation":[],"iscrowd":0},{"id":403,"image_id":221,"category_id":3,"bbox":[273,232,104,176.5],"area":18356,"segmentation":[],"iscrowd":0},{"id":404,"image_id":222,"category_id":2,"bbox":[58,260,95,153],"area":14535,"segmentation":[],"iscrowd":0},{"id":405,"image_id":222,"category_id":2,"bbox":[200,223,43.5,72],"area":3132,"segmentation":[],"iscrowd":0},{"id":406,"image_id":222,"category_id":2,"bbox":[187,223,15.5,42],"area":651,"segmentation":[],"iscrowd":0},{"id":407,"image_id":222,"category_id":2,"bbox":[209,222,13.5,22.5],"area":303.75,"segmentation":[],"iscrowd":0},{"id":408,"image_id":223,"category_id":1,"bbox":[0,290,415,120],"area":49800,"segmentation":[],"iscrowd":0},{"id":409,"image_id":224,"category_id":2,"bbox":[145,340,11,9],"area":99,"segmentation":[],"iscrowd":0},{"id":410,"image_id":224,"category_id":2,"bbox":[240,336,18,23.5],"area":423,"segmentation":[],"iscrowd":0},{"id":411,"image_id":224,"category_id":2,"bbox":[343,324,19,34],"area":646,"segmentation":[],"iscrowd":0},{"id":412,"image_id":224,"category_id":2,"bbox":[364,331,23,29],"area":667,"segmentation":[],"iscrowd":0},{"id":413,"image_id":224,"category_id":2,"bbox":[67,343,18,13.5],"area":243,"segmentation":[],"iscrowd":0},{"id":414,"image_id":224,"category_id":2,"bbox":[260,342,15,18.5],"area":277.5,"segmentation":[],"iscrowd":0},{"id":415,"image_id":224,"category_id":2,"bbox":[148,344,47,17.5],"area":822.5,"segmentation":[],"iscrowd":0},{"id":416,"image_id":224,"category_id":2,"bbox":[37,346,33,13.5],"area":445.5,"segmentation":[],"iscrowd":0},{"id":417,"image_id":225,"category_id":2,"bbox":[367,80,49,335.5],"area":16439.5,"segmentation":[],"iscrowd":0},{"id":418,"image_id":226,"category_id":3,"bbox":[0,12,415,319.5],"area":132592.5,"segmentation":[],"iscrowd":0},{"id":419,"image_id":226,"category_id":3,"bbox":[0,324,412,91],"area":37492,"segmentation":[],"iscrowd":0},{"id":420,"image_id":227,"category_id":3,"bbox":[320,197,95.5,196.5],"area":18765.75,"segmentation":[],"iscrowd":0},{"id":421,"image_id":228,"category_id":3,"bbox":[20,191,395,219],"area":86505,"segmentation":[],"iscrowd":0},{"id":422,"image_id":228,"category_id":3,"bbox":[39,155,234,58.5],"area":13689,"segmentation":[],"iscrowd":0},{"id":423,"image_id":229,"category_id":3,"bbox":[14,151,312,165],"area":51480,"segmentation":[],"iscrowd":0},{"id":424,"image_id":229,"category_id":3,"bbox":[13,238,396,171],"area":67716,"segmentation":[],"iscrowd":0},{"id":425,"image_id":230,"category_id":3,"bbox":[0,1,401.5,409],"area":164213.5,"segmentation":[],"iscrowd":0},{"id":426,"image_id":231,"category_id":1,"bbox":[229,221,184.5,189],"area":34870.5,"segmentation":[],"iscrowd":0},{"id":427,"image_id":232,"category_id":1,"bbox":[100,186,153.5,207.5],"area":31851.25,"segmentation":[],"iscrowd":0},{"id":428,"image_id":232,"category_id":1,"bbox":[254,221,161,189],"area":30429,"segmentation":[],"iscrowd":0},{"id":429,"image_id":233,"category_id":3,"bbox":[0,144,374,265],"area":99110,"segmentation":[],"iscrowd":0},{"id":430,"image_id":234,"category_id":2,"bbox":[219,205,42,107.5],"area":4515,"segmentation":[],"iscrowd":0},{"id":431,"image_id":234,"category_id":2,"bbox":[109,191,47,79],"area":3713,"segmentation":[],"iscrowd":0},{"id":432,"image_id":234,"category_id":2,"bbox":[235,187,4,7],"area":28,"segmentation":[],"iscrowd":0},{"id":433,"image_id":234,"category_id":2,"bbox":[384,219,31,66.5],"area":2061.5,"segmentation":[],"iscrowd":0},{"id":434,"image_id":234,"category_id":2,"bbox":[14,251,106.5,156],"area":16614,"segmentation":[],"iscrowd":0},{"id":435,"image_id":234,"category_id":2,"bbox":[81,217,28,50.5],"area":1414,"segmentation":[],"iscrowd":0},{"id":436,"image_id":235,"category_id":3,"bbox":[1,1,413.5,405.5],"area":167674.25,"segmentation":[],"iscrowd":0},{"id":437,"image_id":236,"category_id":1,"bbox":[0,187,353.5,224],"area":79184,"segmentation":[],"iscrowd":0},{"id":438,"image_id":237,"category_id":3,"bbox":[1,229,281,180.5],"area":50720.5,"segmentation":[],"iscrowd":0},{"id":439,"image_id":237,"category_id":3,"bbox":[372,329,43.5,85],"area":3697.5,"segmentation":[],"iscrowd":0},{"id":440,"image_id":238,"category_id":1,"bbox":[0,86,415,324],"area":134460,"segmentation":[],"iscrowd":0},{"id":441,"image_id":239,"category_id":2,"bbox":[128,184,211,225],"area":47475,"segmentation":[],"iscrowd":0},{"id":442,"image_id":240,"category_id":2,"bbox":[303,52,110,199],"area":21890,"segmentation":[],"iscrowd":0},{"id":443,"image_id":241,"category_id":1,"bbox":[0,302,192,107.5],"area":20640,"segmentation":[],"iscrowd":0},{"id":444,"image_id":242,"category_id":1,"bbox":[0,8,415,407],"area":168905,"segmentation":[],"iscrowd":0}]}